,0,1,2,3,4,5,6,7,8,9,10,11,12,13,14,15,16,17,18,19,20,21,22,23,24,25,26,27,28,29,30,31,32,33,34,35,36,37,38,39,40,41,42,43,44,45,46,47,48,49,50,51,52,53,54,55,56,57,58,59,60,61,62,63,64,65,66,67,68,69,70,71,72,73,74,75,76,77,78,79,80,81,82,83,84,85,86,87,88,89,90,91,92,93,94,95,96,97,98,99,100,101,102,103,104,105,106,107,108,109,110,111,112,113,114,115,116,117,118,119,120,121,122,123,124,125,126,127,128,129,130,131,132,133,134,135,136,137,138,139,140,141,142,143,144,145,146,147,148,149,150,151,152,153,154,155,156,157,158,159,160,161,162,163,164,165,166,167,168,169,170,171,172,173,174,175,176,177,178,179,180
0,-1214.4034,158.55766,218.59543,11003.239,0.0,0.0,-288.3705,0.0,0.0,7.563606,0.0,-4130.265,256.938,-96.158646,0.0,69.56185,0.0,0.0,0.0,0.0,0.0,0.0,0.0,0.0,40.394173,-145.20355,-319.38803,0.0,0.0,0.0,0.0,0.0,0.0,82.59834,0.47585717,0.0,0.0,0.0,0.0,0.0,0.0,0.0,-2651.2957,0.0,0.0,0.0,0.0,0.0,0.0,0.0,0.0,0.0,0.0,0.0,0.0,0.0,0.0,0.0,122.37219,0.0,0.0,0.0,0.0,0.0,0.0,0.0,0.0,0.0,0.0,0.0,47.5267,0.0,0.0,0.0,0.0,0.0,0.0,0.0,0.0,0.0,0.0,0.0,3.4671338,0.0,0.0,22.60593,0.0,0.0,0.0,0.0,0.0,0.0,0.0,0.0,0.0,0.0,0.0,0.0,0.0,0.0,0.0,0.0,0.0,0.0,0.0,0.0,0.0,288.88147,0.0,0.0,0.0,294.65088,0.0,0.0,0.0,0.0,0.0,0.0,0.0,0.0,0.0,0.0,0.0,0.0,0.0,0.0,0.0,0.0,0.0,0.0,0.0,0.0,0.0,0.0,0.0,0.0,0.0,0.0,0.0,0.0,0.0,139.54753,0.0,0.0,0.0,0.0,0.0,0.0,0.0,0.0,0.0,0.0,57.730804,0.0,0.0,0.0,0.0,0.0,0.0,0.0,0.0,0.0,0.0,0.0,0.0,287.7407,0.0,0.0,0.0,0.0,0.0,0.0,0.0,0.0,0.0,0.0,0.0,0.0,0.0,0.0,0.0
1,-7750.589,120.76178,80.46349,-38751.69,0.0,0.0,-168.54227,0.0,0.0,5.858729,0.0,-1795.3868,-495.65448,6.922414,0.0,149.14597,0.0,0.0,0.0,0.0,0.0,0.0,0.0,0.0,21.260101,-181.1287,-303.13303,0.0,0.0,0.0,0.0,0.0,0.0,16.363077,0.301448,0.0,0.0,0.0,0.0,0.0,0.0,0.0,1307.4861,0.0,0.0,0.0,0.0,0.0,0.0,0.0,0.0,0.0,0.0,0.0,0.0,0.0,0.0,0.0,42.83701,0.0,0.0,0.0,0.0,0.0,0.0,0.0,0.0,0.0,0.0,0.0,62.945385,0.0,0.0,0.0,0.0,0.0,0.0,0.0,0.0,0.0,0.0,0.0,2.476756,0.0,0.0,22.690664,0.0,0.0,0.0,0.0,0.0,0.0,0.0,0.0,0.0,0.0,0.0,0.0,0.0,0.0,0.0,0.0,0.0,0.0,0.0,0.0,0.0,-15681.565,0.0,0.0,0.0,104.36508,0.0,0.0,0.0,0.0,0.0,0.0,0.0,0.0,0.0,0.0,0.0,0.0,0.0,0.0,0.0,0.0,0.0,0.0,0.0,0.0,0.0,0.0,0.0,0.0,0.0,0.0,0.0,0.0,0.0,-1105.9651,0.0,0.0,0.0,0.0,0.0,0.0,0.0,0.0,0.0,0.0,7.023515,0.0,0.0,0.0,0.0,0.0,0.0,0.0,0.0,0.0,0.0,0.0,0.0,-2636.9014,0.0,0.0,0.0,0.0,0.0,0.0,0.0,0.0,0.0,0.0,0.0,0.0,0.0,0.0,0.0
2,-2543.329,-675.5929,63.988476,15235.406,0.0,0.0,66.446655,0.0,0.0,53.5811,0.0,5665.707,93.82477,9.455638,0.0,136.98788,0.0,0.0,0.0,0.0,0.0,0.0,0.0,0.0,162.63977,401.87012,1238.4147,0.0,0.0,0.0,0.0,0.0,0.0,26.236172,1.3084276,0.0,0.0,0.0,0.0,0.0,0.0,0.0,2651.2964,0.0,0.0,0.0,0.0,0.0,0.0,0.0,0.0,0.0,0.0,0.0,0.0,0.0,0.0,0.0,122.37219,0.0,0.0,0.0,0.0,0.0,0.0,0.0,0.0,0.0,0.0,0.0,47.5267,0.0,0.0,0.0,0.0,0.0,0.0,0.0,0.0,0.0,0.0,0.0,21.152723,0.0,0.0,83.63081,0.0,0.0,0.0,0.0,0.0,0.0,0.0,0.0,0.0,0.0,0.0,0.0,0.0,0.0,0.0,0.0,0.0,0.0,0.0,0.0,0.0,288.51562,0.0,0.0,0.0,294.65088,0.0,0.0,0.0,0.0,0.0,0.0,0.0,0.0,0.0,0.0,0.0,0.0,0.0,0.0,0.0,0.0,0.0,0.0,0.0,0.0,0.0,0.0,0.0,0.0,0.0,0.0,0.0,0.0,0.0,139.54753,0.0,0.0,0.0,0.0,0.0,0.0,0.0,0.0,0.0,0.0,17.097525,0.0,0.0,0.0,0.0,0.0,0.0,0.0,0.0,0.0,0.0,0.0,0.0,198.19527,0.0,0.0,0.0,0.0,0.0,0.0,0.0,0.0,0.0,0.0,0.0,0.0,0.0,0.0,0.0
3,297.87106,195.66656,172.60852,-9321.489,0.0,0.0,-439.43198,0.0,0.0,17.862816,0.0,-3201.9304,-2203.7415,12.019827,0.0,489.53085,0.0,0.0,0.0,0.0,0.0,0.0,0.0,0.0,21.260101,119.99506,385.08566,0.0,0.0,0.0,0.0,0.0,0.0,25.75377,0.47585717,0.0,0.0,0.0,0.0,0.0,0.0,0.0,-2834.4573,0.0,0.0,0.0,0.0,0.0,0.0,0.0,0.0,0.0,0.0,0.0,0.0,0.0,0.0,0.0,42.83701,0.0,0.0,0.0,0.0,0.0,0.0,0.0,0.0,0.0,0.0,0.0,163.59596,0.0,0.0,0.0,0.0,0.0,0.0,0.0,0.0,0.0,0.0,0.0,6.6277466,0.0,0.0,51.01752,0.0,0.0,0.0,0.0,0.0,0.0,0.0,0.0,0.0,0.0,0.0,0.0,0.0,0.0,0.0,0.0,0.0,0.0,0.0,0.0,0.0,933.21783,0.0,0.0,0.0,104.36508,0.0,0.0,0.0,0.0,0.0,0.0,0.0,0.0,0.0,0.0,0.0,0.0,0.0,0.0,0.0,0.0,0.0,0.0,0.0,0.0,0.0,0.0,0.0,0.0,0.0,0.0,0.0,0.0,0.0,493.94775,0.0,0.0,0.0,0.0,0.0,0.0,0.0,0.0,0.0,0.0,19.833067,0.0,0.0,0.0,0.0,0.0,0.0,0.0,0.0,0.0,0.0,0.0,0.0,559.6782,0.0,0.0,0.0,0.0,0.0,0.0,0.0,0.0,0.0,0.0,0.0,0.0,0.0,0.0,0.0
4,-229.77634,-504.92776,233.0503,11802.482,0.0,0.0,248.39154,0.0,0.0,17.862816,0.0,-4990.78,-305.29794,38.129215,0.0,176.39099,0.0,0.0,0.0,0.0,0.0,0.0,0.0,0.0,40.394173,196.76036,596.50836,0.0,0.0,0.0,0.0,0.0,0.0,82.59834,0.47585717,0.0,0.0,0.0,0.0,0.0,0.0,0.0,2834.4578,0.0,0.0,0.0,0.0,0.0,0.0,0.0,0.0,0.0,0.0,0.0,0.0,0.0,0.0,0.0,122.37219,0.0,0.0,0.0,0.0,0.0,0.0,0.0,0.0,0.0,0.0,0.0,47.5267,0.0,0.0,0.0,0.0,0.0,0.0,0.0,0.0,0.0,0.0,0.0,6.6277466,0.0,0.0,48.905334,0.0,0.0,0.0,0.0,0.0,0.0,0.0,0.0,0.0,0.0,0.0,0.0,0.0,0.0,0.0,0.0,0.0,0.0,0.0,0.0,0.0,288.51562,0.0,0.0,0.0,294.65088,0.0,0.0,0.0,0.0,0.0,0.0,0.0,0.0,0.0,0.0,0.0,0.0,0.0,0.0,0.0,0.0,0.0,0.0,0.0,0.0,0.0,0.0,0.0,0.0,0.0,0.0,0.0,0.0,0.0,139.54753,0.0,0.0,0.0,0.0,0.0,0.0,0.0,0.0,0.0,0.0,9.732586,0.0,0.0,0.0,0.0,0.0,0.0,0.0,0.0,0.0,0.0,0.0,0.0,287.7407,0.0,0.0,0.0,0.0,0.0,0.0,0.0,0.0,0.0,0.0,0.0,0.0,0.0,0.0,0.0
5,63.960045,-274.51285,-555.0963,-10448.154,0.0,0.0,30.955822,0.0,0.0,53.5811,0.0,4115.847,607.27673,-75.6451,0.0,312.1634,0.0,0.0,0.0,0.0,0.0,0.0,0.0,0.0,47.83522,280.3678,867.3149,0.0,0.0,0.0,0.0,0.0,0.0,13.682001,1.3084276,0.0,0.0,0.0,0.0,0.0,0.0,0.0,-2651.2957,0.0,0.0,0.0,0.0,0.0,0.0,0.0,0.0,0.0,0.0,0.0,0.0,0.0,0.0,0.0,42.83701,0.0,0.0,0.0,0.0,0.0,0.0,0.0,0.0,0.0,0.0,0.0,163.59596,0.0,0.0,0.0,0.0,0.0,0.0,0.0,0.0,0.0,0.0,0.0,21.152723,0.0,0.0,82.749695,0.0,0.0,0.0,0.0,0.0,0.0,0.0,0.0,0.0,0.0,0.0,0.0,0.0,0.0,0.0,0.0,0.0,0.0,0.0,0.0,0.0,933.21783,0.0,0.0,0.0,104.36508,0.0,0.0,0.0,0.0,0.0,0.0,0.0,0.0,0.0,0.0,0.0,0.0,0.0,0.0,0.0,0.0,0.0,0.0,0.0,0.0,0.0,0.0,0.0,0.0,0.0,0.0,0.0,0.0,0.0,493.94775,0.0,0.0,0.0,0.0,0.0,0.0,0.0,0.0,0.0,0.0,57.730804,0.0,0.0,0.0,0.0,0.0,0.0,0.0,0.0,0.0,0.0,0.0,0.0,540.3926,0.0,0.0,0.0,0.0,0.0,0.0,0.0,0.0,0.0,0.0,0.0,0.0,0.0,0.0,0.0
6,923.622,-1118.0492,54.083836,-21637.137,0.0,0.0,46.815853,0.0,0.0,5.858729,0.0,-2232.5,165.54759,-110.199265,0.0,165.17247,0.0,0.0,0.0,0.0,0.0,0.0,0.0,0.0,21.260101,-133.55179,-306.00714,0.0,0.0,0.0,0.0,0.0,0.0,-386.74084,0.301448,0.0,0.0,0.0,0.0,0.0,0.0,0.0,-1253.4554,0.0,0.0,0.0,0.0,0.0,0.0,0.0,0.0,0.0,0.0,0.0,0.0,0.0,0.0,0.0,42.83701,0.0,0.0,0.0,0.0,0.0,0.0,0.0,0.0,0.0,0.0,0.0,75.710495,0.0,0.0,0.0,0.0,0.0,0.0,0.0,0.0,0.0,0.0,0.0,2.476756,0.0,0.0,35.655037,0.0,0.0,0.0,0.0,0.0,0.0,0.0,0.0,0.0,0.0,0.0,0.0,0.0,0.0,0.0,0.0,0.0,0.0,0.0,0.0,0.0,983.23334,0.0,0.0,0.0,104.36508,0.0,0.0,0.0,0.0,0.0,0.0,0.0,0.0,0.0,0.0,0.0,0.0,0.0,0.0,0.0,0.0,0.0,0.0,0.0,0.0,0.0,0.0,0.0,0.0,0.0,0.0,0.0,0.0,0.0,493.94775,0.0,0.0,0.0,0.0,0.0,0.0,0.0,0.0,0.0,0.0,21.948483,0.0,0.0,0.0,0.0,0.0,0.0,0.0,0.0,0.0,0.0,0.0,0.0,-2424.674,0.0,0.0,0.0,0.0,0.0,0.0,0.0,0.0,0.0,0.0,0.0,0.0,0.0,0.0,0.0
7,-154.88058,-585.1734,110.73592,12007.417,0.0,0.0,66.446655,0.0,0.0,53.5811,0.0,-2285.4639,-279.4079,9.455638,0.0,136.98788,0.0,0.0,0.0,0.0,0.0,0.0,0.0,0.0,40.394173,348.77612,1048.2909,0.0,0.0,0.0,0.0,0.0,0.0,82.59834,1.3084276,0.0,0.0,0.0,0.0,0.0,0.0,0.0,2807.0154,0.0,0.0,0.0,0.0,0.0,0.0,0.0,0.0,0.0,0.0,0.0,0.0,0.0,0.0,0.0,122.37219,0.0,0.0,0.0,0.0,0.0,0.0,0.0,0.0,0.0,0.0,0.0,47.5267,0.0,0.0,0.0,0.0,0.0,0.0,0.0,0.0,0.0,0.0,0.0,21.152723,0.0,0.0,83.63081,0.0,0.0,0.0,0.0,0.0,0.0,0.0,0.0,0.0,0.0,0.0,0.0,0.0,0.0,0.0,0.0,0.0,0.0,0.0,0.0,0.0,288.51562,0.0,0.0,0.0,294.65088,0.0,0.0,0.0,0.0,0.0,0.0,0.0,0.0,0.0,0.0,0.0,0.0,0.0,0.0,0.0,0.0,0.0,0.0,0.0,0.0,0.0,0.0,0.0,0.0,0.0,0.0,0.0,0.0,0.0,139.54753,0.0,0.0,0.0,0.0,0.0,0.0,0.0,0.0,0.0,0.0,9.732586,0.0,0.0,0.0,0.0,0.0,0.0,0.0,0.0,0.0,0.0,0.0,0.0,287.7407,0.0,0.0,0.0,0.0,0.0,0.0,0.0,0.0,0.0,0.0,0.0,0.0,0.0,0.0,0.0
8,-1617.3981,168.65178,56.38375,11499.637,0.0,0.0,52.87154,0.0,0.0,11.924636,0.0,4209.1587,152.60039,-75.6451,0.0,149.88493,0.0,0.0,0.0,0.0,0.0,0.0,0.0,0.0,162.63977,-332.3431,-5024.2256,0.0,0.0,0.0,0.0,0.0,0.0,26.236172,1.3084276,0.0,0.0,0.0,0.0,0.0,0.0,0.0,2651.2964,0.0,0.0,0.0,0.0,0.0,0.0,0.0,0.0,0.0,0.0,0.0,0.0,0.0,0.0,0.0,122.37219,0.0,0.0,0.0,0.0,0.0,0.0,0.0,0.0,0.0,0.0,0.0,47.5267,0.0,0.0,0.0,0.0,0.0,0.0,0.0,0.0,0.0,0.0,0.0,6.6026645,0.0,0.0,28.514135,0.0,0.0,0.0,0.0,0.0,0.0,0.0,0.0,0.0,0.0,0.0,0.0,0.0,0.0,0.0,0.0,0.0,0.0,0.0,0.0,0.0,288.88147,0.0,0.0,0.0,294.65088,0.0,0.0,0.0,0.0,0.0,0.0,0.0,0.0,0.0,0.0,0.0,0.0,0.0,0.0,0.0,0.0,0.0,0.0,0.0,0.0,0.0,0.0,0.0,0.0,0.0,0.0,0.0,0.0,0.0,123.16571,0.0,0.0,0.0,0.0,0.0,0.0,0.0,0.0,0.0,0.0,17.097525,0.0,0.0,0.0,0.0,0.0,0.0,0.0,0.0,0.0,0.0,0.0,0.0,198.19527,0.0,0.0,0.0,0.0,0.0,0.0,0.0,0.0,0.0,0.0,0.0,0.0,0.0,0.0,0.0
9,345.8299,223.476,172.60852,-8080.5205,0.0,0.0,-439.43198,0.0,0.0,5.9765964,0.0,-1981.0575,-2122.967,12.019827,0.0,482.9051,0.0,0.0,0.0,0.0,0.0,0.0,0.0,0.0,21.260101,-36.620056,-447.26382,0.0,0.0,0.0,0.0,0.0,0.0,25.75377,0.47585717,0.0,0.0,0.0,0.0,0.0,0.0,0.0,-2807.015,0.0,0.0,0.0,0.0,0.0,0.0,0.0,0.0,0.0,0.0,0.0,0.0,0.0,0.0,0.0,27.658543,0.0,0.0,0.0,0.0,0.0,0.0,0.0,0.0,0.0,0.0,0.0,150.69534,0.0,0.0,0.0,0.0,0.0,0.0,0.0,0.0,0.0,0.0,0.0,3.4671338,0.0,0.0,-594.7227,0.0,0.0,0.0,0.0,0.0,0.0,0.0,0.0,0.0,0.0,0.0,0.0,0.0,0.0,0.0,0.0,0.0,0.0,0.0,0.0,0.0,923.9516,0.0,0.0,0.0,-1069.7424,0.0,0.0,0.0,0.0,0.0,0.0,0.0,0.0,0.0,0.0,0.0,0.0,0.0,0.0,0.0,0.0,0.0,0.0,0.0,0.0,0.0,0.0,0.0,0.0,0.0,0.0,0.0,0.0,0.0,403.84787,0.0,0.0,0.0,0.0,0.0,0.0,0.0,0.0,0.0,0.0,19.833067,0.0,0.0,0.0,0.0,0.0,0.0,0.0,0.0,0.0,0.0,0.0,0.0,559.6782,0.0,0.0,0.0,0.0,0.0,0.0,0.0,0.0,0.0,0.0,0.0,0.0,0.0,0.0,0.0
10,976.55786,126.45553,72.45135,-21344.703,0.0,0.0,-128.8957,0.0,0.0,5.858729,0.0,-1559.5417,-14.207001,-55.379322,0.0,320.40015,0.0,0.0,0.0,0.0,0.0,0.0,0.0,0.0,21.260101,-181.1287,-1310.143,0.0,0.0,0.0,0.0,0.0,0.0,25.75377,0.301448,0.0,0.0,0.0,0.0,0.0,0.0,0.0,-1299.2477,0.0,0.0,0.0,0.0,0.0,0.0,0.0,0.0,0.0,0.0,0.0,0.0,0.0,0.0,0.0,27.658543,0.0,0.0,0.0,0.0,0.0,0.0,0.0,0.0,0.0,0.0,0.0,163.59596,0.0,0.0,0.0,0.0,0.0,0.0,0.0,0.0,0.0,0.0,0.0,2.476756,0.0,0.0,36.25133,0.0,0.0,0.0,0.0,0.0,0.0,0.0,0.0,0.0,0.0,0.0,0.0,0.0,0.0,0.0,0.0,0.0,0.0,0.0,0.0,0.0,964.8323,0.0,0.0,0.0,-1069.7424,0.0,0.0,0.0,0.0,0.0,0.0,0.0,0.0,0.0,0.0,0.0,0.0,0.0,0.0,0.0,0.0,0.0,0.0,0.0,0.0,0.0,0.0,0.0,0.0,0.0,0.0,0.0,0.0,0.0,-1122.6299,0.0,0.0,0.0,0.0,0.0,0.0,0.0,0.0,0.0,0.0,11.705857,0.0,0.0,0.0,0.0,0.0,0.0,0.0,0.0,0.0,0.0,0.0,0.0,559.6782,0.0,0.0,0.0,0.0,0.0,0.0,0.0,0.0,0.0,0.0,0.0,0.0,0.0,0.0,0.0
11,-1595.5667,-6103.5093,61.669197,17569.316,0.0,0.0,-117.51906,0.0,0.0,11.920608,0.0,2749.453,198.16228,5.232266,0.0,236.94652,0.0,0.0,0.0,0.0,0.0,0.0,0.0,0.0,-1301.1182,-248.95355,718.44763,0.0,0.0,0.0,0.0,0.0,0.0,26.236172,1.3084276,0.0,0.0,0.0,0.0,0.0,0.0,0.0,-2651.2957,0.0,0.0,0.0,0.0,0.0,0.0,0.0,0.0,0.0,0.0,0.0,0.0,0.0,0.0,0.0,122.37219,0.0,0.0,0.0,0.0,0.0,0.0,0.0,0.0,0.0,0.0,0.0,-575.7633,0.0,0.0,0.0,0.0,0.0,0.0,0.0,0.0,0.0,0.0,0.0,21.152723,0.0,0.0,-885.89557,0.0,0.0,0.0,0.0,0.0,0.0,0.0,0.0,0.0,0.0,0.0,0.0,0.0,0.0,0.0,0.0,0.0,0.0,0.0,0.0,0.0,-4719.7754,0.0,0.0,0.0,294.65088,0.0,0.0,0.0,0.0,0.0,0.0,0.0,0.0,0.0,0.0,0.0,0.0,0.0,0.0,0.0,0.0,0.0,0.0,0.0,0.0,0.0,0.0,0.0,0.0,0.0,0.0,0.0,0.0,0.0,-296.7855,0.0,0.0,0.0,0.0,0.0,0.0,0.0,0.0,0.0,0.0,57.730804,0.0,0.0,0.0,0.0,0.0,0.0,0.0,0.0,0.0,0.0,0.0,0.0,155.00632,0.0,0.0,0.0,0.0,0.0,0.0,0.0,0.0,0.0,0.0,0.0,0.0,0.0,0.0,0.0
12,577.1722,-2992.1807,71.26279,-13954.613,0.0,0.0,62.786743,0.0,0.0,17.862816,0.0,-4594.2603,-2128.424,-305.03387,0.0,-15678.062,0.0,0.0,0.0,0.0,0.0,0.0,0.0,0.0,21.260101,110.14637,382.21146,0.0,0.0,0.0,0.0,0.0,0.0,25.75377,0.47585717,0.0,0.0,0.0,0.0,0.0,0.0,0.0,-5629.664,0.0,0.0,0.0,0.0,0.0,0.0,0.0,0.0,0.0,0.0,0.0,0.0,0.0,0.0,0.0,42.83701,0.0,0.0,0.0,0.0,0.0,0.0,0.0,0.0,0.0,0.0,0.0,67.22463,0.0,0.0,0.0,0.0,0.0,0.0,0.0,0.0,0.0,0.0,0.0,6.6277466,0.0,0.0,27.412916,0.0,0.0,0.0,0.0,0.0,0.0,0.0,0.0,0.0,0.0,0.0,0.0,0.0,0.0,0.0,0.0,0.0,0.0,0.0,0.0,0.0,780.15845,0.0,0.0,0.0,104.36508,0.0,0.0,0.0,0.0,0.0,0.0,0.0,0.0,0.0,0.0,0.0,0.0,0.0,0.0,0.0,0.0,0.0,0.0,0.0,0.0,0.0,0.0,0.0,0.0,0.0,0.0,0.0,0.0,0.0,-1122.6299,0.0,0.0,0.0,0.0,0.0,0.0,0.0,0.0,0.0,0.0,19.833067,0.0,0.0,0.0,0.0,0.0,0.0,0.0,0.0,0.0,0.0,0.0,0.0,269.85974,0.0,0.0,0.0,0.0,0.0,0.0,0.0,0.0,0.0,0.0,0.0,0.0,0.0,0.0,0.0
13,725.3538,-545.90796,45.438576,13791.288,0.0,0.0,36.600723,0.0,0.0,53.5811,0.0,7807.9604,152.60039,-75.6451,0.0,140.78558,0.0,0.0,0.0,0.0,0.0,0.0,0.0,0.0,162.63977,394.44827,1238.4147,0.0,0.0,0.0,0.0,0.0,0.0,26.236172,1.3084276,0.0,0.0,0.0,0.0,0.0,0.0,0.0,2651.2964,0.0,0.0,0.0,0.0,0.0,0.0,0.0,0.0,0.0,0.0,0.0,0.0,0.0,0.0,0.0,122.37219,0.0,0.0,0.0,0.0,0.0,0.0,0.0,0.0,0.0,0.0,0.0,47.5267,0.0,0.0,0.0,0.0,0.0,0.0,0.0,0.0,0.0,0.0,0.0,21.152723,0.0,0.0,83.63081,0.0,0.0,0.0,0.0,0.0,0.0,0.0,0.0,0.0,0.0,0.0,0.0,0.0,0.0,0.0,0.0,0.0,0.0,0.0,0.0,0.0,288.88147,0.0,0.0,0.0,294.65088,0.0,0.0,0.0,0.0,0.0,0.0,0.0,0.0,0.0,0.0,0.0,0.0,0.0,0.0,0.0,0.0,0.0,0.0,0.0,0.0,0.0,0.0,0.0,0.0,0.0,0.0,0.0,0.0,0.0,123.16571,0.0,0.0,0.0,0.0,0.0,0.0,0.0,0.0,0.0,0.0,17.097525,0.0,0.0,0.0,0.0,0.0,0.0,0.0,0.0,0.0,0.0,0.0,0.0,198.19527,0.0,0.0,0.0,0.0,0.0,0.0,0.0,0.0,0.0,0.0,0.0,0.0,0.0,0.0,0.0
14,366.25125,-504.92776,233.0503,11904.681,0.0,0.0,248.39154,0.0,0.0,17.862816,0.0,-5672.627,-305.29794,38.129215,0.0,176.39099,0.0,0.0,0.0,0.0,0.0,0.0,0.0,0.0,40.394173,196.76036,596.50836,0.0,0.0,0.0,0.0,0.0,0.0,82.59834,0.47585717,0.0,0.0,0.0,0.0,0.0,0.0,0.0,2834.4578,0.0,0.0,0.0,0.0,0.0,0.0,0.0,0.0,0.0,0.0,0.0,0.0,0.0,0.0,0.0,122.37219,0.0,0.0,0.0,0.0,0.0,0.0,0.0,0.0,0.0,0.0,0.0,47.5267,0.0,0.0,0.0,0.0,0.0,0.0,0.0,0.0,0.0,0.0,0.0,6.6277466,0.0,0.0,48.905334,0.0,0.0,0.0,0.0,0.0,0.0,0.0,0.0,0.0,0.0,0.0,0.0,0.0,0.0,0.0,0.0,0.0,0.0,0.0,0.0,0.0,288.51562,0.0,0.0,0.0,294.65088,0.0,0.0,0.0,0.0,0.0,0.0,0.0,0.0,0.0,0.0,0.0,0.0,0.0,0.0,0.0,0.0,0.0,0.0,0.0,0.0,0.0,0.0,0.0,0.0,0.0,0.0,0.0,0.0,0.0,123.16571,0.0,0.0,0.0,0.0,0.0,0.0,0.0,0.0,0.0,0.0,9.732586,0.0,0.0,0.0,0.0,0.0,0.0,0.0,0.0,0.0,0.0,0.0,0.0,287.7407,0.0,0.0,0.0,0.0,0.0,0.0,0.0,0.0,0.0,0.0,0.0,0.0,0.0,0.0,0.0
15,725.3538,370.4156,63.988476,13874.802,0.0,0.0,66.446655,0.0,0.0,53.5811,0.0,6755.3257,152.60039,9.455638,0.0,747.60046,0.0,0.0,0.0,0.0,0.0,0.0,0.0,0.0,162.63977,401.87012,1306.1449,0.0,0.0,0.0,0.0,0.0,0.0,26.236172,1.3084276,0.0,0.0,0.0,0.0,0.0,0.0,0.0,2651.2964,0.0,0.0,0.0,0.0,0.0,0.0,0.0,0.0,0.0,0.0,0.0,0.0,0.0,0.0,0.0,122.37219,0.0,0.0,0.0,0.0,0.0,0.0,0.0,0.0,0.0,0.0,0.0,47.5267,0.0,0.0,0.0,0.0,0.0,0.0,0.0,0.0,0.0,0.0,0.0,-154.52959,0.0,0.0,83.63081,0.0,0.0,0.0,0.0,0.0,0.0,0.0,0.0,0.0,0.0,0.0,0.0,0.0,0.0,0.0,0.0,0.0,0.0,0.0,0.0,0.0,288.88147,0.0,0.0,0.0,294.65088,0.0,0.0,0.0,0.0,0.0,0.0,0.0,0.0,0.0,0.0,0.0,0.0,0.0,0.0,0.0,0.0,0.0,0.0,0.0,0.0,0.0,0.0,0.0,0.0,0.0,0.0,0.0,0.0,0.0,123.16571,0.0,0.0,0.0,0.0,0.0,0.0,0.0,0.0,0.0,0.0,17.097525,0.0,0.0,0.0,0.0,0.0,0.0,0.0,0.0,0.0,0.0,0.0,0.0,198.19527,0.0,0.0,0.0,0.0,0.0,0.0,0.0,0.0,0.0,0.0,0.0,0.0,0.0,0.0,0.0
16,441.25165,179.96205,108.41664,10665.877,0.0,0.0,-117.51906,0.0,0.0,53.5811,0.0,-2765.768,256.938,5.232266,0.0,302.08008,0.0,0.0,0.0,0.0,0.0,0.0,0.0,0.0,40.394173,348.77612,1048.2909,0.0,0.0,0.0,0.0,0.0,0.0,82.59834,1.3084276,0.0,0.0,0.0,0.0,0.0,0.0,0.0,-2651.2957,0.0,0.0,0.0,0.0,0.0,0.0,0.0,0.0,0.0,0.0,0.0,0.0,0.0,0.0,0.0,122.37219,0.0,0.0,0.0,0.0,0.0,0.0,0.0,0.0,0.0,0.0,0.0,47.5267,0.0,0.0,0.0,0.0,0.0,0.0,0.0,0.0,0.0,0.0,0.0,21.152723,0.0,0.0,83.63081,0.0,0.0,0.0,0.0,0.0,0.0,0.0,0.0,0.0,0.0,0.0,0.0,0.0,0.0,0.0,0.0,0.0,0.0,0.0,0.0,0.0,288.88147,0.0,0.0,0.0,294.65088,0.0,0.0,0.0,0.0,0.0,0.0,0.0,0.0,0.0,0.0,0.0,0.0,0.0,0.0,0.0,0.0,0.0,0.0,0.0,0.0,0.0,0.0,0.0,0.0,0.0,0.0,0.0,0.0,0.0,123.16571,0.0,0.0,0.0,0.0,0.0,0.0,0.0,0.0,0.0,0.0,57.730804,0.0,0.0,0.0,0.0,0.0,0.0,0.0,0.0,0.0,0.0,0.0,0.0,287.7407,0.0,0.0,0.0,0.0,0.0,0.0,0.0,0.0,0.0,0.0,0.0,0.0,0.0,0.0,0.0
17,722.3403,361.166,-897.3602,14245.306,0.0,0.0,54.757458,0.0,0.0,53.5811,0.0,7901.1416,152.60039,9.455638,0.0,510.7615,0.0,0.0,0.0,0.0,0.0,0.0,0.0,0.0,162.63977,401.55917,1318.6489,0.0,0.0,0.0,0.0,0.0,0.0,26.236172,1.3084276,0.0,0.0,0.0,0.0,0.0,0.0,0.0,2651.2964,0.0,0.0,0.0,0.0,0.0,0.0,0.0,0.0,0.0,0.0,0.0,0.0,0.0,0.0,0.0,122.37219,0.0,0.0,0.0,0.0,0.0,0.0,0.0,0.0,0.0,0.0,0.0,47.5267,0.0,0.0,0.0,0.0,0.0,0.0,0.0,0.0,0.0,0.0,0.0,7.7264786,0.0,0.0,83.63081,0.0,0.0,0.0,0.0,0.0,0.0,0.0,0.0,0.0,0.0,0.0,0.0,0.0,0.0,0.0,0.0,0.0,0.0,0.0,0.0,0.0,285.5561,0.0,0.0,0.0,294.65088,0.0,0.0,0.0,0.0,0.0,0.0,0.0,0.0,0.0,0.0,0.0,0.0,0.0,0.0,0.0,0.0,0.0,0.0,0.0,0.0,0.0,0.0,0.0,0.0,0.0,0.0,0.0,0.0,0.0,-342.13135,0.0,0.0,0.0,0.0,0.0,0.0,0.0,0.0,0.0,0.0,17.097525,0.0,0.0,0.0,0.0,0.0,0.0,0.0,0.0,0.0,0.0,0.0,0.0,198.19527,0.0,0.0,0.0,0.0,0.0,0.0,0.0,0.0,0.0,0.0,0.0,0.0,0.0,0.0,0.0
18,725.73157,313.65488,52.54354,-9938.278,0.0,0.0,-93.083824,0.0,0.0,11.924636,0.0,2502.6597,502.93933,-41.858143,0.0,325.8174,0.0,0.0,0.0,0.0,0.0,0.0,0.0,0.0,47.83522,-4.703052,-1366.5984,0.0,0.0,0.0,0.0,0.0,0.0,13.682001,1.3084276,0.0,0.0,0.0,0.0,0.0,0.0,0.0,2651.2964,0.0,0.0,0.0,0.0,0.0,0.0,0.0,0.0,0.0,0.0,0.0,0.0,0.0,0.0,0.0,27.658543,0.0,0.0,0.0,0.0,0.0,0.0,0.0,0.0,0.0,0.0,0.0,163.59596,0.0,0.0,0.0,0.0,0.0,0.0,0.0,0.0,0.0,0.0,0.0,6.6026645,0.0,0.0,43.748814,0.0,0.0,0.0,0.0,0.0,0.0,0.0,0.0,0.0,0.0,0.0,0.0,0.0,0.0,0.0,0.0,0.0,0.0,0.0,0.0,0.0,933.21783,0.0,0.0,0.0,-1069.7424,0.0,0.0,0.0,0.0,0.0,0.0,0.0,0.0,0.0,0.0,0.0,0.0,0.0,0.0,0.0,0.0,0.0,0.0,0.0,0.0,0.0,0.0,0.0,0.0,0.0,0.0,0.0,0.0,0.0,403.84787,0.0,0.0,0.0,0.0,0.0,0.0,0.0,0.0,0.0,0.0,17.097525,0.0,0.0,0.0,0.0,0.0,0.0,0.0,0.0,0.0,0.0,0.0,0.0,540.3926,0.0,0.0,0.0,0.0,0.0,0.0,0.0,0.0,0.0,0.0,0.0,0.0,0.0,0.0,0.0
19,725.73157,313.65488,52.54354,-11125.798,0.0,0.0,-117.51906,0.0,0.0,11.924636,0.0,2478.2244,502.93933,5.232266,0.0,325.8174,0.0,0.0,0.0,0.0,0.0,0.0,0.0,0.0,47.83522,-4.703052,-1366.5984,0.0,0.0,0.0,0.0,0.0,0.0,13.682001,1.3084276,0.0,0.0,0.0,0.0,0.0,0.0,0.0,2651.2964,0.0,0.0,0.0,0.0,0.0,0.0,0.0,0.0,0.0,0.0,0.0,0.0,0.0,0.0,0.0,42.83701,0.0,0.0,0.0,0.0,0.0,0.0,0.0,0.0,0.0,0.0,0.0,163.59596,0.0,0.0,0.0,0.0,0.0,0.0,0.0,0.0,0.0,0.0,0.0,6.6026645,0.0,0.0,43.748814,0.0,0.0,0.0,0.0,0.0,0.0,0.0,0.0,0.0,0.0,0.0,0.0,0.0,0.0,0.0,0.0,0.0,0.0,0.0,0.0,0.0,933.21783,0.0,0.0,0.0,104.36508,0.0,0.0,0.0,0.0,0.0,0.0,0.0,0.0,0.0,0.0,0.0,0.0,0.0,0.0,0.0,0.0,0.0,0.0,0.0,0.0,0.0,0.0,0.0,0.0,0.0,0.0,0.0,0.0,0.0,403.84787,0.0,0.0,0.0,0.0,0.0,0.0,0.0,0.0,0.0,0.0,17.097525,0.0,0.0,0.0,0.0,0.0,0.0,0.0,0.0,0.0,0.0,0.0,0.0,540.3926,0.0,0.0,0.0,0.0,0.0,0.0,0.0,0.0,0.0,0.0,0.0,0.0,0.0,0.0,0.0
20,725.3538,-545.90796,45.438576,13791.288,0.0,0.0,36.600723,0.0,0.0,53.5811,0.0,7807.9604,152.60039,-75.6451,0.0,140.78558,0.0,0.0,0.0,0.0,0.0,0.0,0.0,0.0,162.63977,394.44827,1238.4147,0.0,0.0,0.0,0.0,0.0,0.0,26.236172,1.3084276,0.0,0.0,0.0,0.0,0.0,0.0,0.0,2651.2964,0.0,0.0,0.0,0.0,0.0,0.0,0.0,0.0,0.0,0.0,0.0,0.0,0.0,0.0,0.0,122.37219,0.0,0.0,0.0,0.0,0.0,0.0,0.0,0.0,0.0,0.0,0.0,47.5267,0.0,0.0,0.0,0.0,0.0,0.0,0.0,0.0,0.0,0.0,0.0,21.152723,0.0,0.0,83.63081,0.0,0.0,0.0,0.0,0.0,0.0,0.0,0.0,0.0,0.0,0.0,0.0,0.0,0.0,0.0,0.0,0.0,0.0,0.0,0.0,0.0,288.88147,0.0,0.0,0.0,294.65088,0.0,0.0,0.0,0.0,0.0,0.0,0.0,0.0,0.0,0.0,0.0,0.0,0.0,0.0,0.0,0.0,0.0,0.0,0.0,0.0,0.0,0.0,0.0,0.0,0.0,0.0,0.0,0.0,0.0,123.16571,0.0,0.0,0.0,0.0,0.0,0.0,0.0,0.0,0.0,0.0,17.097525,0.0,0.0,0.0,0.0,0.0,0.0,0.0,0.0,0.0,0.0,0.0,0.0,198.19527,0.0,0.0,0.0,0.0,0.0,0.0,0.0,0.0,0.0,0.0,0.0,0.0,0.0,0.0,0.0
21,725.73157,313.65488,52.54354,-9693.021,0.0,0.0,-93.083824,0.0,0.0,-521.3425,0.0,2511.4705,607.27673,-41.858143,0.0,487.11166,0.0,0.0,0.0,0.0,0.0,0.0,0.0,0.0,47.83522,-63.920876,-785.53687,0.0,0.0,0.0,0.0,0.0,0.0,13.682001,1.3084276,0.0,0.0,0.0,0.0,0.0,0.0,0.0,-2651.2957,0.0,0.0,0.0,0.0,0.0,0.0,0.0,0.0,0.0,0.0,0.0,0.0,0.0,0.0,0.0,-1713.4828,0.0,0.0,0.0,0.0,0.0,0.0,0.0,0.0,0.0,0.0,0.0,163.59596,0.0,0.0,0.0,0.0,0.0,0.0,0.0,0.0,0.0,0.0,0.0,6.6026645,0.0,0.0,43.79313,0.0,0.0,0.0,0.0,0.0,0.0,0.0,0.0,0.0,0.0,0.0,0.0,0.0,0.0,0.0,0.0,0.0,0.0,0.0,0.0,0.0,933.21783,0.0,0.0,0.0,49.047962,0.0,0.0,0.0,0.0,0.0,0.0,0.0,0.0,0.0,0.0,0.0,0.0,0.0,0.0,0.0,0.0,0.0,0.0,0.0,0.0,0.0,0.0,0.0,0.0,0.0,0.0,0.0,0.0,0.0,403.84787,0.0,0.0,0.0,0.0,0.0,0.0,0.0,0.0,0.0,0.0,57.730804,0.0,0.0,0.0,0.0,0.0,0.0,0.0,0.0,0.0,0.0,0.0,0.0,540.3926,0.0,0.0,0.0,0.0,0.0,0.0,0.0,0.0,0.0,0.0,0.0,0.0,0.0,0.0,0.0
22,725.73157,-500.81165,35.192883,-10481.715,0.0,0.0,-64.52936,0.0,0.0,21.918125,0.0,3262.0337,607.27673,-41.858143,0.0,351.89563,0.0,0.0,0.0,0.0,0.0,0.0,0.0,0.0,47.83522,-17.34618,-2377.2466,0.0,0.0,0.0,0.0,0.0,0.0,13.682001,1.3084276,0.0,0.0,0.0,0.0,0.0,0.0,0.0,-2651.2957,0.0,0.0,0.0,0.0,0.0,0.0,0.0,0.0,0.0,0.0,0.0,0.0,0.0,0.0,0.0,27.658543,0.0,0.0,0.0,0.0,0.0,0.0,0.0,0.0,0.0,0.0,0.0,163.59596,0.0,0.0,0.0,0.0,0.0,0.0,0.0,0.0,0.0,0.0,0.0,6.6026645,0.0,0.0,51.966137,0.0,0.0,0.0,0.0,0.0,0.0,0.0,0.0,0.0,0.0,0.0,0.0,0.0,0.0,0.0,0.0,0.0,0.0,0.0,0.0,0.0,933.21783,0.0,0.0,0.0,-1069.7424,0.0,0.0,0.0,0.0,0.0,0.0,0.0,0.0,0.0,0.0,0.0,0.0,0.0,0.0,0.0,0.0,0.0,0.0,0.0,0.0,0.0,0.0,0.0,0.0,0.0,0.0,0.0,0.0,0.0,403.84787,0.0,0.0,0.0,0.0,0.0,0.0,0.0,0.0,0.0,0.0,57.730804,0.0,0.0,0.0,0.0,0.0,0.0,0.0,0.0,0.0,0.0,0.0,0.0,540.3926,0.0,0.0,0.0,0.0,0.0,0.0,0.0,0.0,0.0,0.0,0.0,0.0,0.0,0.0,0.0
23,349.56033,225.55951,218.59543,9784.4795,0.0,0.0,-439.43198,0.0,0.0,7.563606,0.0,-4753.466,-721.61145,12.019827,0.0,333.04266,0.0,0.0,0.0,0.0,0.0,0.0,0.0,0.0,40.394173,-381.56647,-305.96143,0.0,0.0,0.0,0.0,0.0,0.0,82.59834,0.47585717,0.0,0.0,0.0,0.0,0.0,0.0,0.0,-2807.015,0.0,0.0,0.0,0.0,0.0,0.0,0.0,0.0,0.0,0.0,0.0,0.0,0.0,0.0,0.0,52.55121,0.0,0.0,0.0,0.0,0.0,0.0,0.0,0.0,0.0,0.0,0.0,47.5267,0.0,0.0,0.0,0.0,0.0,0.0,0.0,0.0,0.0,0.0,0.0,3.4671338,0.0,0.0,31.842287,0.0,0.0,0.0,0.0,0.0,0.0,0.0,0.0,0.0,0.0,0.0,0.0,0.0,0.0,0.0,0.0,0.0,0.0,0.0,0.0,0.0,288.88147,0.0,0.0,0.0,-3020.1719,0.0,0.0,0.0,0.0,0.0,0.0,0.0,0.0,0.0,0.0,0.0,0.0,0.0,0.0,0.0,0.0,0.0,0.0,0.0,0.0,0.0,0.0,0.0,0.0,0.0,0.0,0.0,0.0,0.0,123.16571,0.0,0.0,0.0,0.0,0.0,0.0,0.0,0.0,0.0,0.0,19.833067,0.0,0.0,0.0,0.0,0.0,0.0,0.0,0.0,0.0,0.0,0.0,0.0,287.7407,0.0,0.0,0.0,0.0,0.0,0.0,0.0,0.0,0.0,0.0,0.0,0.0,0.0,0.0,0.0
24,366.35577,-54.46894,-3248.3816,8079.3403,0.0,0.0,91.61563,0.0,0.0,17.862816,0.0,-7907.6724,-802.38574,-305.03387,0.0,-73.70848,0.0,0.0,0.0,0.0,0.0,0.0,0.0,0.0,40.394173,118.35201,472.41446,0.0,0.0,0.0,0.0,0.0,0.0,-1948.1702,0.47585717,0.0,0.0,0.0,0.0,0.0,0.0,0.0,-2834.4573,0.0,0.0,0.0,0.0,0.0,0.0,0.0,0.0,0.0,0.0,0.0,0.0,0.0,0.0,0.0,-4894.8945,0.0,0.0,0.0,0.0,0.0,0.0,0.0,0.0,0.0,0.0,0.0,47.5267,0.0,0.0,0.0,0.0,0.0,0.0,0.0,0.0,0.0,0.0,0.0,6.6277466,0.0,0.0,34.58089,0.0,0.0,0.0,0.0,0.0,0.0,0.0,0.0,0.0,0.0,0.0,0.0,0.0,0.0,0.0,0.0,0.0,0.0,0.0,0.0,0.0,288.88147,0.0,0.0,0.0,40.191906,0.0,0.0,0.0,0.0,0.0,0.0,0.0,0.0,0.0,0.0,0.0,0.0,0.0,0.0,0.0,0.0,0.0,0.0,0.0,0.0,0.0,0.0,0.0,0.0,0.0,0.0,0.0,0.0,0.0,123.16571,0.0,0.0,0.0,0.0,0.0,0.0,0.0,0.0,0.0,0.0,19.833067,0.0,0.0,0.0,0.0,0.0,0.0,0.0,0.0,0.0,0.0,0.0,0.0,196.86841,0.0,0.0,0.0,0.0,0.0,0.0,0.0,0.0,0.0,0.0,0.0,0.0,0.0,0.0,0.0
25,642.3935,264.28812,169.14787,-10367.818,0.0,0.0,-439.43198,0.0,0.0,11.223181,0.0,-2771.8662,-2203.7415,12.019827,0.0,422.1689,0.0,0.0,0.0,0.0,0.0,0.0,0.0,0.0,-170.08081,-24.771685,375.2191,0.0,0.0,0.0,0.0,0.0,0.0,16.363077,0.47585717,0.0,0.0,0.0,0.0,0.0,0.0,0.0,-2834.4573,0.0,0.0,0.0,0.0,0.0,0.0,0.0,0.0,0.0,0.0,0.0,0.0,0.0,0.0,0.0,42.83701,0.0,0.0,0.0,0.0,0.0,0.0,0.0,0.0,0.0,0.0,0.0,62.80984,0.0,0.0,0.0,0.0,0.0,0.0,0.0,0.0,0.0,0.0,0.0,6.6277466,0.0,0.0,-918.4234,0.0,0.0,0.0,0.0,0.0,0.0,0.0,0.0,0.0,0.0,0.0,0.0,0.0,0.0,0.0,0.0,0.0,0.0,0.0,0.0,0.0,905.5506,0.0,0.0,0.0,104.36508,0.0,0.0,0.0,0.0,0.0,0.0,0.0,0.0,0.0,0.0,0.0,0.0,0.0,0.0,0.0,0.0,0.0,0.0,0.0,0.0,0.0,0.0,0.0,0.0,0.0,0.0,0.0,0.0,0.0,-1122.6299,0.0,0.0,0.0,0.0,0.0,0.0,0.0,0.0,0.0,0.0,19.833067,0.0,0.0,0.0,0.0,0.0,0.0,0.0,0.0,0.0,0.0,0.0,0.0,-2636.9014,0.0,0.0,0.0,0.0,0.0,0.0,0.0,0.0,0.0,0.0,0.0,0.0,0.0,0.0,0.0
26,349.56033,250.8096,233.0503,10287.067,0.0,0.0,248.39154,0.0,0.0,7.563606,0.0,-4411.643,256.938,38.129215,0.0,329.66156,0.0,0.0,0.0,0.0,0.0,0.0,0.0,0.0,40.394173,-381.56647,-266.45374,0.0,0.0,0.0,0.0,0.0,0.0,82.59834,0.47585717,0.0,0.0,0.0,0.0,0.0,0.0,0.0,-2651.2957,0.0,0.0,0.0,0.0,0.0,0.0,0.0,0.0,0.0,0.0,0.0,0.0,0.0,0.0,0.0,122.37219,0.0,0.0,0.0,0.0,0.0,0.0,0.0,0.0,0.0,0.0,0.0,47.5267,0.0,0.0,0.0,0.0,0.0,0.0,0.0,0.0,0.0,0.0,0.0,-69.34269,0.0,0.0,31.842287,0.0,0.0,0.0,0.0,0.0,0.0,0.0,0.0,0.0,0.0,0.0,0.0,0.0,0.0,0.0,0.0,0.0,0.0,0.0,0.0,0.0,288.88147,0.0,0.0,0.0,294.65088,0.0,0.0,0.0,0.0,0.0,0.0,0.0,0.0,0.0,0.0,0.0,0.0,0.0,0.0,0.0,0.0,0.0,0.0,0.0,0.0,0.0,0.0,0.0,0.0,0.0,0.0,0.0,0.0,0.0,123.16571,0.0,0.0,0.0,0.0,0.0,0.0,0.0,0.0,0.0,0.0,57.730804,0.0,0.0,0.0,0.0,0.0,0.0,0.0,0.0,0.0,0.0,0.0,0.0,287.7407,0.0,0.0,0.0,0.0,0.0,0.0,0.0,0.0,0.0,0.0,0.0,0.0,0.0,0.0,0.0
27,650.48016,206.35748,56.38375,12465.367,0.0,0.0,66.446655,0.0,0.0,11.924636,0.0,5111.284,124.82407,9.455638,0.0,140.65398,0.0,0.0,0.0,0.0,0.0,0.0,0.0,0.0,-1301.1182,-354.33813,-5024.2256,0.0,0.0,0.0,0.0,0.0,0.0,16.607603,1.3084276,0.0,0.0,0.0,0.0,0.0,0.0,0.0,2895.0967,0.0,0.0,0.0,0.0,0.0,0.0,0.0,0.0,0.0,0.0,0.0,0.0,0.0,0.0,0.0,122.37219,0.0,0.0,0.0,0.0,0.0,0.0,0.0,0.0,0.0,0.0,0.0,31.661373,0.0,0.0,0.0,0.0,0.0,0.0,0.0,0.0,0.0,0.0,0.0,6.6026645,0.0,0.0,28.514135,0.0,0.0,0.0,0.0,0.0,0.0,0.0,0.0,0.0,0.0,0.0,0.0,0.0,0.0,0.0,0.0,0.0,0.0,0.0,0.0,0.0,288.88147,0.0,0.0,0.0,294.65088,0.0,0.0,0.0,0.0,0.0,0.0,0.0,0.0,0.0,0.0,0.0,0.0,0.0,0.0,0.0,0.0,0.0,0.0,0.0,0.0,0.0,0.0,0.0,0.0,0.0,0.0,0.0,0.0,0.0,123.16571,0.0,0.0,0.0,0.0,0.0,0.0,0.0,0.0,0.0,0.0,-188.07277,0.0,0.0,0.0,0.0,0.0,0.0,0.0,0.0,0.0,0.0,0.0,0.0,-1145.2661,0.0,0.0,0.0,0.0,0.0,0.0,0.0,0.0,0.0,0.0,0.0,0.0,0.0,0.0,0.0
28,650.48016,322.36652,61.669197,13409.608,0.0,0.0,-117.51906,0.0,0.0,11.924636,0.0,6061.498,152.60039,5.232266,0.0,162.79515,0.0,0.0,0.0,0.0,0.0,0.0,0.0,0.0,162.63977,-332.3431,-1005.61523,0.0,0.0,0.0,0.0,0.0,0.0,26.236172,1.3084276,0.0,0.0,0.0,0.0,0.0,0.0,0.0,2651.2964,0.0,0.0,0.0,0.0,0.0,0.0,0.0,0.0,0.0,0.0,0.0,0.0,0.0,0.0,0.0,122.37219,0.0,0.0,0.0,0.0,0.0,0.0,0.0,0.0,0.0,0.0,0.0,47.5267,0.0,0.0,0.0,0.0,0.0,0.0,0.0,0.0,0.0,0.0,0.0,6.6026645,0.0,0.0,36.08087,0.0,0.0,0.0,0.0,0.0,0.0,0.0,0.0,0.0,0.0,0.0,0.0,0.0,0.0,0.0,0.0,0.0,0.0,0.0,0.0,0.0,288.88147,0.0,0.0,0.0,294.65088,0.0,0.0,0.0,0.0,0.0,0.0,0.0,0.0,0.0,0.0,0.0,0.0,0.0,0.0,0.0,0.0,0.0,0.0,0.0,0.0,0.0,0.0,0.0,0.0,0.0,0.0,0.0,0.0,0.0,123.16571,0.0,0.0,0.0,0.0,0.0,0.0,0.0,0.0,0.0,0.0,17.097525,0.0,0.0,0.0,0.0,0.0,0.0,0.0,0.0,0.0,0.0,0.0,0.0,198.19527,0.0,0.0,0.0,0.0,0.0,0.0,0.0,0.0,0.0,0.0,0.0,0.0,0.0,0.0,0.0
29,725.73157,337.83252,52.54354,-10473.18,0.0,0.0,-117.51906,0.0,0.0,53.5811,0.0,2830.919,607.27673,5.232266,0.0,660.7873,0.0,0.0,0.0,0.0,0.0,0.0,0.0,0.0,47.83522,291.29428,-843.49713,0.0,0.0,0.0,0.0,0.0,0.0,13.682001,1.3084276,0.0,0.0,0.0,0.0,0.0,0.0,0.0,-2651.2957,0.0,0.0,0.0,0.0,0.0,0.0,0.0,0.0,0.0,0.0,0.0,0.0,0.0,0.0,0.0,27.658543,0.0,0.0,0.0,0.0,0.0,0.0,0.0,0.0,0.0,0.0,0.0,163.59596,0.0,0.0,0.0,0.0,0.0,0.0,0.0,0.0,0.0,0.0,0.0,-77.392944,0.0,0.0,85.74301,0.0,0.0,0.0,0.0,0.0,0.0,0.0,0.0,0.0,0.0,0.0,0.0,0.0,0.0,0.0,0.0,0.0,0.0,0.0,0.0,0.0,933.21783,0.0,0.0,0.0,-1069.7424,0.0,0.0,0.0,0.0,0.0,0.0,0.0,0.0,0.0,0.0,0.0,0.0,0.0,0.0,0.0,0.0,0.0,0.0,0.0,0.0,0.0,0.0,0.0,0.0,0.0,0.0,0.0,0.0,0.0,403.84787,0.0,0.0,0.0,0.0,0.0,0.0,0.0,0.0,0.0,0.0,57.730804,0.0,0.0,0.0,0.0,0.0,0.0,0.0,0.0,0.0,0.0,0.0,0.0,540.3926,0.0,0.0,0.0,0.0,0.0,0.0,0.0,0.0,0.0,0.0,0.0,0.0,0.0,0.0,0.0
30,725.3538,-545.90796,45.438576,13791.288,0.0,0.0,36.600723,0.0,0.0,53.5811,0.0,7807.9604,152.60039,-75.6451,0.0,140.78558,0.0,0.0,0.0,0.0,0.0,0.0,0.0,0.0,162.63977,394.44827,1238.4147,0.0,0.0,0.0,0.0,0.0,0.0,26.236172,1.3084276,0.0,0.0,0.0,0.0,0.0,0.0,0.0,2651.2964,0.0,0.0,0.0,0.0,0.0,0.0,0.0,0.0,0.0,0.0,0.0,0.0,0.0,0.0,0.0,122.37219,0.0,0.0,0.0,0.0,0.0,0.0,0.0,0.0,0.0,0.0,0.0,47.5267,0.0,0.0,0.0,0.0,0.0,0.0,0.0,0.0,0.0,0.0,0.0,21.152723,0.0,0.0,83.63081,0.0,0.0,0.0,0.0,0.0,0.0,0.0,0.0,0.0,0.0,0.0,0.0,0.0,0.0,0.0,0.0,0.0,0.0,0.0,0.0,0.0,288.88147,0.0,0.0,0.0,294.65088,0.0,0.0,0.0,0.0,0.0,0.0,0.0,0.0,0.0,0.0,0.0,0.0,0.0,0.0,0.0,0.0,0.0,0.0,0.0,0.0,0.0,0.0,0.0,0.0,0.0,0.0,0.0,0.0,0.0,123.16571,0.0,0.0,0.0,0.0,0.0,0.0,0.0,0.0,0.0,0.0,17.097525,0.0,0.0,0.0,0.0,0.0,0.0,0.0,0.0,0.0,0.0,0.0,0.0,198.19527,0.0,0.0,0.0,0.0,0.0,0.0,0.0,0.0,0.0,0.0,0.0,0.0,0.0,0.0,0.0
31,366.25125,-504.92776,233.0503,11905.976,0.0,0.0,248.39154,0.0,0.0,17.862816,0.0,-5672.627,-279.4079,38.129215,0.0,176.64853,0.0,0.0,0.0,0.0,0.0,0.0,0.0,0.0,40.394173,196.76036,596.50836,0.0,0.0,0.0,0.0,0.0,0.0,82.59834,0.47585717,0.0,0.0,0.0,0.0,0.0,0.0,0.0,2807.0154,0.0,0.0,0.0,0.0,0.0,0.0,0.0,0.0,0.0,0.0,0.0,0.0,0.0,0.0,0.0,122.37219,0.0,0.0,0.0,0.0,0.0,0.0,0.0,0.0,0.0,0.0,0.0,47.5267,0.0,0.0,0.0,0.0,0.0,0.0,0.0,0.0,0.0,0.0,0.0,6.6277466,0.0,0.0,48.905334,0.0,0.0,0.0,0.0,0.0,0.0,0.0,0.0,0.0,0.0,0.0,0.0,0.0,0.0,0.0,0.0,0.0,0.0,0.0,0.0,0.0,288.51562,0.0,0.0,0.0,294.65088,0.0,0.0,0.0,0.0,0.0,0.0,0.0,0.0,0.0,0.0,0.0,0.0,0.0,0.0,0.0,0.0,0.0,0.0,0.0,0.0,0.0,0.0,0.0,0.0,0.0,0.0,0.0,0.0,0.0,123.16571,0.0,0.0,0.0,0.0,0.0,0.0,0.0,0.0,0.0,0.0,9.732586,0.0,0.0,0.0,0.0,0.0,0.0,0.0,0.0,0.0,0.0,0.0,0.0,287.7407,0.0,0.0,0.0,0.0,0.0,0.0,0.0,0.0,0.0,0.0,0.0,0.0,0.0,0.0,0.0
32,709.045,305.05133,-693.82117,-12020.744,0.0,0.0,-96.73828,0.0,0.0,11.924636,0.0,3145.715,607.27673,5.232266,0.0,487.11166,0.0,0.0,0.0,0.0,0.0,0.0,0.0,0.0,47.83522,-5.0139956,-1373.8413,0.0,0.0,0.0,0.0,0.0,0.0,13.682001,1.3084276,0.0,0.0,0.0,0.0,0.0,0.0,0.0,-2651.2957,0.0,0.0,0.0,0.0,0.0,0.0,0.0,0.0,0.0,0.0,0.0,0.0,0.0,0.0,0.0,42.83701,0.0,0.0,0.0,0.0,0.0,0.0,0.0,0.0,0.0,0.0,0.0,163.59596,0.0,0.0,0.0,0.0,0.0,0.0,0.0,0.0,0.0,0.0,0.0,6.6026645,0.0,0.0,43.748814,0.0,0.0,0.0,0.0,0.0,0.0,0.0,0.0,0.0,0.0,0.0,0.0,0.0,0.0,0.0,0.0,0.0,0.0,0.0,0.0,0.0,914.8168,0.0,0.0,0.0,104.36508,0.0,0.0,0.0,0.0,0.0,0.0,0.0,0.0,0.0,0.0,0.0,0.0,0.0,0.0,0.0,0.0,0.0,0.0,0.0,0.0,0.0,0.0,0.0,0.0,0.0,0.0,0.0,0.0,0.0,-1122.6299,0.0,0.0,0.0,0.0,0.0,0.0,0.0,0.0,0.0,0.0,57.730804,0.0,0.0,0.0,0.0,0.0,0.0,0.0,0.0,0.0,0.0,0.0,0.0,540.3926,0.0,0.0,0.0,0.0,0.0,0.0,0.0,0.0,0.0,0.0,0.0,0.0,0.0,0.0,0.0
33,346.54675,198.25606,177.09528,9857.143,0.0,0.0,-439.43198,0.0,0.0,7.563606,0.0,-4544.5703,-802.38574,12.019827,0.0,309.57623,0.0,0.0,0.0,0.0,0.0,0.0,0.0,0.0,40.394173,-381.56647,-2898.64,0.0,0.0,0.0,0.0,0.0,0.0,34.877483,0.47585717,0.0,0.0,0.0,0.0,0.0,0.0,0.0,-2834.4573,0.0,0.0,0.0,0.0,0.0,0.0,0.0,0.0,0.0,0.0,0.0,0.0,0.0,0.0,0.0,52.55121,0.0,0.0,0.0,0.0,0.0,0.0,0.0,0.0,0.0,0.0,0.0,31.661373,0.0,0.0,0.0,0.0,0.0,0.0,0.0,0.0,0.0,0.0,0.0,3.4671338,0.0,0.0,24.275545,0.0,0.0,0.0,0.0,0.0,0.0,0.0,0.0,0.0,0.0,0.0,0.0,0.0,0.0,0.0,0.0,0.0,0.0,0.0,0.0,0.0,285.5561,0.0,0.0,0.0,-3020.1719,0.0,0.0,0.0,0.0,0.0,0.0,0.0,0.0,0.0,0.0,0.0,0.0,0.0,0.0,0.0,0.0,0.0,0.0,0.0,0.0,0.0,0.0,0.0,0.0,0.0,0.0,0.0,0.0,0.0,-342.13135,0.0,0.0,0.0,0.0,0.0,0.0,0.0,0.0,0.0,0.0,19.833067,0.0,0.0,0.0,0.0,0.0,0.0,0.0,0.0,0.0,0.0,0.0,0.0,-2206.2158,0.0,0.0,0.0,0.0,0.0,0.0,0.0,0.0,0.0,0.0,0.0,0.0,0.0,0.0,0.0
34,366.25125,-504.92776,233.0503,11782.418,0.0,0.0,248.39154,0.0,0.0,17.862816,0.0,-5672.627,-305.29794,38.129215,0.0,-237.73291,0.0,0.0,0.0,0.0,0.0,0.0,0.0,0.0,40.394173,159.93645,583.0816,0.0,0.0,0.0,0.0,0.0,0.0,82.59834,0.47585717,0.0,0.0,0.0,0.0,0.0,0.0,0.0,2834.4578,0.0,0.0,0.0,0.0,0.0,0.0,0.0,0.0,0.0,0.0,0.0,0.0,0.0,0.0,0.0,122.37219,0.0,0.0,0.0,0.0,0.0,0.0,0.0,0.0,0.0,0.0,0.0,47.5267,0.0,0.0,0.0,0.0,0.0,0.0,0.0,0.0,0.0,0.0,0.0,6.6277466,0.0,0.0,34.58089,0.0,0.0,0.0,0.0,0.0,0.0,0.0,0.0,0.0,0.0,0.0,0.0,0.0,0.0,0.0,0.0,0.0,0.0,0.0,0.0,0.0,288.51562,0.0,0.0,0.0,294.65088,0.0,0.0,0.0,0.0,0.0,0.0,0.0,0.0,0.0,0.0,0.0,0.0,0.0,0.0,0.0,0.0,0.0,0.0,0.0,0.0,0.0,0.0,0.0,0.0,0.0,0.0,0.0,0.0,0.0,123.16571,0.0,0.0,0.0,0.0,0.0,0.0,0.0,0.0,0.0,0.0,9.732586,0.0,0.0,0.0,0.0,0.0,0.0,0.0,0.0,0.0,0.0,0.0,0.0,287.7407,0.0,0.0,0.0,0.0,0.0,0.0,0.0,0.0,0.0,0.0,0.0,0.0,0.0,0.0,0.0
35,647.1525,372.66327,172.60852,-8189.808,0.0,0.0,-439.43198,0.0,0.0,7.563606,0.0,-2195.1802,607.27673,12.019827,0.0,496.0647,0.0,0.0,0.0,0.0,0.0,0.0,0.0,0.0,21.260101,-167.85806,-517.384,0.0,0.0,0.0,0.0,0.0,0.0,25.75377,0.47585717,0.0,0.0,0.0,0.0,0.0,0.0,0.0,-2651.2957,0.0,0.0,0.0,0.0,0.0,0.0,0.0,0.0,0.0,0.0,0.0,0.0,0.0,0.0,0.0,42.83701,0.0,0.0,0.0,0.0,0.0,0.0,0.0,0.0,0.0,0.0,0.0,163.59596,0.0,0.0,0.0,0.0,0.0,0.0,0.0,0.0,0.0,0.0,0.0,3.4671338,0.0,0.0,39.510223,0.0,0.0,0.0,0.0,0.0,0.0,0.0,0.0,0.0,0.0,0.0,0.0,0.0,0.0,0.0,0.0,0.0,0.0,0.0,0.0,0.0,933.21783,0.0,0.0,0.0,104.36508,0.0,0.0,0.0,0.0,0.0,0.0,0.0,0.0,0.0,0.0,0.0,0.0,0.0,0.0,0.0,0.0,0.0,0.0,0.0,0.0,0.0,0.0,0.0,0.0,0.0,0.0,0.0,0.0,0.0,403.84787,0.0,0.0,0.0,0.0,0.0,0.0,0.0,0.0,0.0,0.0,57.730804,0.0,0.0,0.0,0.0,0.0,0.0,0.0,0.0,0.0,0.0,0.0,0.0,559.6782,0.0,0.0,0.0,0.0,0.0,0.0,0.0,0.0,0.0,0.0,0.0,0.0,0.0,0.0,0.0
36,366.3777,131.44858,56.38375,9326.635,0.0,0.0,66.446655,0.0,0.0,11.924636,0.0,-1316.8353,-721.61145,9.455638,0.0,311.1794,0.0,0.0,0.0,0.0,0.0,0.0,0.0,0.0,-323.15347,-332.3431,-5024.2256,0.0,0.0,0.0,0.0,0.0,0.0,82.59834,1.3084276,0.0,0.0,0.0,0.0,0.0,0.0,0.0,-2807.015,0.0,0.0,0.0,0.0,0.0,0.0,0.0,0.0,0.0,0.0,0.0,0.0,0.0,0.0,0.0,52.55121,0.0,0.0,0.0,0.0,0.0,0.0,0.0,0.0,0.0,0.0,0.0,47.5267,0.0,0.0,0.0,0.0,0.0,0.0,0.0,0.0,0.0,0.0,0.0,6.6026645,0.0,0.0,28.514135,0.0,0.0,0.0,0.0,0.0,0.0,0.0,0.0,0.0,0.0,0.0,0.0,0.0,0.0,0.0,0.0,0.0,0.0,0.0,0.0,0.0,288.88147,0.0,0.0,0.0,-3020.1719,0.0,0.0,0.0,0.0,0.0,0.0,0.0,0.0,0.0,0.0,0.0,0.0,0.0,0.0,0.0,0.0,0.0,0.0,0.0,0.0,0.0,0.0,0.0,0.0,0.0,0.0,0.0,0.0,0.0,123.16571,0.0,0.0,0.0,0.0,0.0,0.0,0.0,0.0,0.0,0.0,19.833067,0.0,0.0,0.0,0.0,0.0,0.0,0.0,0.0,0.0,0.0,0.0,0.0,287.7407,0.0,0.0,0.0,0.0,0.0,0.0,0.0,0.0,0.0,0.0,0.0,0.0,0.0,0.0,0.0
37,1358.4633,156.83925,36.747444,-29076.14,0.0,0.0,-73.552284,0.0,0.0,12.677937,0.0,2530.882,126.918205,3.7758622,0.0,244.29616,0.0,0.0,0.0,0.0,0.0,0.0,0.0,0.0,47.83522,50.143253,455.3,0.0,0.0,0.0,0.0,0.0,0.0,10.243232,0.55265456,0.0,0.0,0.0,0.0,0.0,0.0,0.0,-1322.5204,0.0,0.0,0.0,0.0,0.0,0.0,0.0,0.0,0.0,0.0,0.0,0.0,0.0,0.0,0.0,42.83701,0.0,0.0,0.0,0.0,0.0,0.0,0.0,0.0,0.0,0.0,0.0,62.80984,0.0,0.0,0.0,0.0,0.0,0.0,0.0,0.0,0.0,0.0,0.0,7.8224072,0.0,0.0,-1002.15027,0.0,0.0,0.0,0.0,0.0,0.0,0.0,0.0,0.0,0.0,0.0,0.0,0.0,0.0,0.0,0.0,0.0,0.0,0.0,0.0,0.0,955.5661,0.0,0.0,0.0,104.36508,0.0,0.0,0.0,0.0,0.0,0.0,0.0,0.0,0.0,0.0,0.0,0.0,0.0,0.0,0.0,0.0,0.0,0.0,0.0,0.0,0.0,0.0,0.0,0.0,0.0,0.0,0.0,0.0,0.0,-1122.6299,0.0,0.0,0.0,0.0,0.0,0.0,0.0,0.0,0.0,0.0,-241.43349,0.0,0.0,0.0,0.0,0.0,0.0,0.0,0.0,0.0,0.0,0.0,0.0,-2408.4077,0.0,0.0,0.0,0.0,0.0,0.0,0.0,0.0,0.0,0.0,0.0,0.0,0.0,0.0,0.0
38,663.97,310.45026,54.86282,-8635.197,0.0,0.0,66.446655,0.0,0.0,11.924636,0.0,-142.69368,502.93933,9.455638,0.0,325.8174,0.0,0.0,0.0,0.0,0.0,0.0,0.0,0.0,21.260101,-4.703052,-1366.5984,0.0,0.0,0.0,0.0,0.0,0.0,25.75377,1.3084276,0.0,0.0,0.0,0.0,0.0,0.0,0.0,2651.2964,0.0,0.0,0.0,0.0,0.0,0.0,0.0,0.0,0.0,0.0,0.0,0.0,0.0,0.0,0.0,42.83701,0.0,0.0,0.0,0.0,0.0,0.0,0.0,0.0,0.0,0.0,0.0,163.59596,0.0,0.0,0.0,0.0,0.0,0.0,0.0,0.0,0.0,0.0,0.0,6.6026645,0.0,0.0,43.748814,0.0,0.0,0.0,0.0,0.0,0.0,0.0,0.0,0.0,0.0,0.0,0.0,0.0,0.0,0.0,0.0,0.0,0.0,0.0,0.0,0.0,933.21783,0.0,0.0,0.0,104.36508,0.0,0.0,0.0,0.0,0.0,0.0,0.0,0.0,0.0,0.0,0.0,0.0,0.0,0.0,0.0,0.0,0.0,0.0,0.0,0.0,0.0,0.0,0.0,0.0,0.0,0.0,0.0,0.0,0.0,403.84787,0.0,0.0,0.0,0.0,0.0,0.0,0.0,0.0,0.0,0.0,17.097525,0.0,0.0,0.0,0.0,0.0,0.0,0.0,0.0,0.0,0.0,0.0,0.0,559.6782,0.0,0.0,0.0,0.0,0.0,0.0,0.0,0.0,0.0,0.0,0.0,0.0,0.0,0.0,0.0
39,725.3538,370.4156,63.988476,13848.972,0.0,0.0,52.87154,0.0,0.0,53.5811,0.0,6791.702,152.60039,-75.6451,0.0,140.78558,0.0,0.0,0.0,0.0,0.0,0.0,0.0,0.0,162.63977,401.87012,1238.4147,0.0,0.0,0.0,0.0,0.0,0.0,26.236172,1.3084276,0.0,0.0,0.0,0.0,0.0,0.0,0.0,2651.2964,0.0,0.0,0.0,0.0,0.0,0.0,0.0,0.0,0.0,0.0,0.0,0.0,0.0,0.0,0.0,122.37219,0.0,0.0,0.0,0.0,0.0,0.0,0.0,0.0,0.0,0.0,0.0,47.5267,0.0,0.0,0.0,0.0,0.0,0.0,0.0,0.0,0.0,0.0,0.0,21.152723,0.0,0.0,83.63081,0.0,0.0,0.0,0.0,0.0,0.0,0.0,0.0,0.0,0.0,0.0,0.0,0.0,0.0,0.0,0.0,0.0,0.0,0.0,0.0,0.0,288.88147,0.0,0.0,0.0,294.65088,0.0,0.0,0.0,0.0,0.0,0.0,0.0,0.0,0.0,0.0,0.0,0.0,0.0,0.0,0.0,0.0,0.0,0.0,0.0,0.0,0.0,0.0,0.0,0.0,0.0,0.0,0.0,0.0,0.0,123.16571,0.0,0.0,0.0,0.0,0.0,0.0,0.0,0.0,0.0,0.0,17.097525,0.0,0.0,0.0,0.0,0.0,0.0,0.0,0.0,0.0,0.0,0.0,0.0,198.19527,0.0,0.0,0.0,0.0,0.0,0.0,0.0,0.0,0.0,0.0,0.0,0.0,0.0,0.0,0.0
40,1359.2539,130.88397,37.003765,-29680.137,0.0,0.0,-62.224686,0.0,0.0,11.54193,0.0,2302.7444,134.82549,-30.206903,0.0,163.73488,0.0,0.0,0.0,0.0,0.0,0.0,0.0,0.0,47.83522,-373.51807,-222.47403,0.0,0.0,0.0,0.0,0.0,0.0,13.682001,0.55265456,0.0,0.0,0.0,0.0,0.0,0.0,0.0,1253.4556,0.0,0.0,0.0,0.0,0.0,0.0,0.0,0.0,0.0,0.0,0.0,0.0,0.0,0.0,0.0,42.83701,0.0,0.0,0.0,0.0,0.0,0.0,0.0,0.0,0.0,0.0,0.0,163.59596,0.0,0.0,0.0,0.0,0.0,0.0,0.0,0.0,0.0,0.0,0.0,3.903226,0.0,0.0,41.17854,0.0,0.0,0.0,0.0,0.0,0.0,0.0,0.0,0.0,0.0,0.0,0.0,0.0,0.0,0.0,0.0,0.0,0.0,0.0,0.0,0.0,983.23334,0.0,0.0,0.0,104.36508,0.0,0.0,0.0,0.0,0.0,0.0,0.0,0.0,0.0,0.0,0.0,0.0,0.0,0.0,0.0,0.0,0.0,0.0,0.0,0.0,0.0,0.0,0.0,0.0,0.0,0.0,0.0,0.0,0.0,403.84787,0.0,0.0,0.0,0.0,0.0,0.0,0.0,0.0,0.0,0.0,10.437722,0.0,0.0,0.0,0.0,0.0,0.0,0.0,0.0,0.0,0.0,0.0,0.0,540.3926,0.0,0.0,0.0,0.0,0.0,0.0,0.0,0.0,0.0,0.0,0.0,0.0,0.0,0.0,0.0
41,366.35577,261.89645,233.0503,10478.124,0.0,0.0,248.39154,0.0,0.0,17.862816,0.0,-5821.3545,256.938,38.129215,0.0,463.83737,0.0,0.0,0.0,0.0,0.0,0.0,0.0,0.0,40.394173,196.76036,619.3385,0.0,0.0,0.0,0.0,0.0,0.0,82.59834,0.47585717,0.0,0.0,0.0,0.0,0.0,0.0,0.0,-2651.2957,0.0,0.0,0.0,0.0,0.0,0.0,0.0,0.0,0.0,0.0,0.0,0.0,0.0,0.0,0.0,122.37219,0.0,0.0,0.0,0.0,0.0,0.0,0.0,0.0,0.0,0.0,0.0,47.5267,0.0,0.0,0.0,0.0,0.0,0.0,0.0,0.0,0.0,0.0,0.0,3.8809185,0.0,0.0,48.905334,0.0,0.0,0.0,0.0,0.0,0.0,0.0,0.0,0.0,0.0,0.0,0.0,0.0,0.0,0.0,0.0,0.0,0.0,0.0,0.0,0.0,288.88147,0.0,0.0,0.0,294.65088,0.0,0.0,0.0,0.0,0.0,0.0,0.0,0.0,0.0,0.0,0.0,0.0,0.0,0.0,0.0,0.0,0.0,0.0,0.0,0.0,0.0,0.0,0.0,0.0,0.0,0.0,0.0,0.0,0.0,123.16571,0.0,0.0,0.0,0.0,0.0,0.0,0.0,0.0,0.0,0.0,57.730804,0.0,0.0,0.0,0.0,0.0,0.0,0.0,0.0,0.0,0.0,0.0,0.0,287.7407,0.0,0.0,0.0,0.0,0.0,0.0,0.0,0.0,0.0,0.0,0.0,0.0,0.0,0.0,0.0
42,1318.2566,-393.43198,28.886288,-24757.256,0.0,0.0,-49.06276,0.0,0.0,20.939081,0.0,357.76846,165.54759,-30.206903,0.0,172.6259,0.0,0.0,0.0,0.0,0.0,0.0,0.0,0.0,21.260101,139.69785,463.8155,0.0,0.0,0.0,0.0,0.0,0.0,25.75377,0.55265456,0.0,0.0,0.0,0.0,0.0,0.0,0.0,-1253.4554,0.0,0.0,0.0,0.0,0.0,0.0,0.0,0.0,0.0,0.0,0.0,0.0,0.0,0.0,0.0,27.658543,0.0,0.0,0.0,0.0,0.0,0.0,0.0,0.0,0.0,0.0,0.0,163.59596,0.0,0.0,0.0,0.0,0.0,0.0,0.0,0.0,0.0,0.0,0.0,7.8224072,0.0,0.0,51.014458,0.0,0.0,0.0,0.0,0.0,0.0,0.0,0.0,0.0,0.0,0.0,0.0,0.0,0.0,0.0,0.0,0.0,0.0,0.0,0.0,0.0,983.23334,0.0,0.0,0.0,-1069.7424,0.0,0.0,0.0,0.0,0.0,0.0,0.0,0.0,0.0,0.0,0.0,0.0,0.0,0.0,0.0,0.0,0.0,0.0,0.0,0.0,0.0,0.0,0.0,0.0,0.0,0.0,0.0,0.0,0.0,403.84787,0.0,0.0,0.0,0.0,0.0,0.0,0.0,0.0,0.0,0.0,21.948483,0.0,0.0,0.0,0.0,0.0,0.0,0.0,0.0,0.0,0.0,0.0,0.0,559.6782,0.0,0.0,0.0,0.0,0.0,0.0,0.0,0.0,0.0,0.0,0.0,0.0,0.0,0.0,0.0
43,647.1525,385.05408,187.06339,-8232.8955,0.0,0.0,248.39154,0.0,0.0,11.226871,0.0,-1658.3469,154.68047,38.129215,0.0,499.88077,0.0,0.0,0.0,0.0,0.0,0.0,0.0,0.0,-170.08081,61.59415,-740.7689,0.0,0.0,0.0,0.0,0.0,0.0,25.75377,0.47585717,0.0,0.0,0.0,0.0,0.0,0.0,0.0,-2807.015,0.0,0.0,0.0,0.0,0.0,0.0,0.0,0.0,0.0,0.0,0.0,0.0,0.0,0.0,0.0,42.83701,0.0,0.0,0.0,0.0,0.0,0.0,0.0,0.0,0.0,0.0,0.0,163.59596,0.0,0.0,0.0,0.0,0.0,0.0,0.0,0.0,0.0,0.0,0.0,3.4671338,0.0,0.0,44.567135,0.0,0.0,0.0,0.0,0.0,0.0,0.0,0.0,0.0,0.0,0.0,0.0,0.0,0.0,0.0,0.0,0.0,0.0,0.0,0.0,0.0,933.21783,0.0,0.0,0.0,104.36508,0.0,0.0,0.0,0.0,0.0,0.0,0.0,0.0,0.0,0.0,0.0,0.0,0.0,0.0,0.0,0.0,0.0,0.0,0.0,0.0,0.0,0.0,0.0,0.0,0.0,0.0,0.0,0.0,0.0,403.84787,0.0,0.0,0.0,0.0,0.0,0.0,0.0,0.0,0.0,0.0,19.833067,0.0,0.0,0.0,0.0,0.0,0.0,0.0,0.0,0.0,0.0,0.0,0.0,559.6782,0.0,0.0,0.0,0.0,0.0,0.0,0.0,0.0,0.0,0.0,0.0,0.0,0.0,0.0,0.0
44,722.3403,361.02655,-890.14185,14244.782,0.0,0.0,54.757458,0.0,0.0,53.5811,0.0,7908.36,152.60039,9.455638,0.0,510.7615,0.0,0.0,0.0,0.0,0.0,0.0,0.0,0.0,162.63977,387.78552,1318.6489,0.0,0.0,0.0,0.0,0.0,0.0,26.236172,1.3084276,0.0,0.0,0.0,0.0,0.0,0.0,0.0,2651.2964,0.0,0.0,0.0,0.0,0.0,0.0,0.0,0.0,0.0,0.0,0.0,0.0,0.0,0.0,0.0,122.37219,0.0,0.0,0.0,0.0,0.0,0.0,0.0,0.0,0.0,0.0,0.0,47.5267,0.0,0.0,0.0,0.0,0.0,0.0,0.0,0.0,0.0,0.0,0.0,7.7264786,0.0,0.0,83.63081,0.0,0.0,0.0,0.0,0.0,0.0,0.0,0.0,0.0,0.0,0.0,0.0,0.0,0.0,0.0,0.0,0.0,0.0,0.0,0.0,0.0,285.5561,0.0,0.0,0.0,294.65088,0.0,0.0,0.0,0.0,0.0,0.0,0.0,0.0,0.0,0.0,0.0,0.0,0.0,0.0,0.0,0.0,0.0,0.0,0.0,0.0,0.0,0.0,0.0,0.0,0.0,0.0,0.0,0.0,0.0,-342.13135,0.0,0.0,0.0,0.0,0.0,0.0,0.0,0.0,0.0,0.0,17.097525,0.0,0.0,0.0,0.0,0.0,0.0,0.0,0.0,0.0,0.0,0.0,0.0,198.19527,0.0,0.0,0.0,0.0,0.0,0.0,0.0,0.0,0.0,0.0,0.0,0.0,0.0,0.0,0.0
45,441.14713,-585.1734,110.73592,12109.615,0.0,0.0,66.446655,0.0,0.0,53.5811,0.0,-2967.31,-279.4079,9.455638,0.0,136.98788,0.0,0.0,0.0,0.0,0.0,0.0,0.0,0.0,40.394173,348.77612,1048.2909,0.0,0.0,0.0,0.0,0.0,0.0,82.59834,1.3084276,0.0,0.0,0.0,0.0,0.0,0.0,0.0,2807.0154,0.0,0.0,0.0,0.0,0.0,0.0,0.0,0.0,0.0,0.0,0.0,0.0,0.0,0.0,0.0,122.37219,0.0,0.0,0.0,0.0,0.0,0.0,0.0,0.0,0.0,0.0,0.0,47.5267,0.0,0.0,0.0,0.0,0.0,0.0,0.0,0.0,0.0,0.0,0.0,21.152723,0.0,0.0,83.63081,0.0,0.0,0.0,0.0,0.0,0.0,0.0,0.0,0.0,0.0,0.0,0.0,0.0,0.0,0.0,0.0,0.0,0.0,0.0,0.0,0.0,288.51562,0.0,0.0,0.0,294.65088,0.0,0.0,0.0,0.0,0.0,0.0,0.0,0.0,0.0,0.0,0.0,0.0,0.0,0.0,0.0,0.0,0.0,0.0,0.0,0.0,0.0,0.0,0.0,0.0,0.0,0.0,0.0,0.0,0.0,123.16571,0.0,0.0,0.0,0.0,0.0,0.0,0.0,0.0,0.0,0.0,9.732586,0.0,0.0,0.0,0.0,0.0,0.0,0.0,0.0,0.0,0.0,0.0,0.0,287.7407,0.0,0.0,0.0,0.0,0.0,0.0,0.0,0.0,0.0,0.0,0.0,0.0,0.0,0.0,0.0
46,441.14713,-418.91776,63.988476,12923.249,0.0,0.0,66.446655,0.0,0.0,53.5811,0.0,-197.15022,-279.4079,9.455638,0.0,136.98788,0.0,0.0,0.0,0.0,0.0,0.0,0.0,0.0,40.394173,401.87012,1238.4147,0.0,0.0,0.0,0.0,0.0,0.0,82.59834,1.3084276,0.0,0.0,0.0,0.0,0.0,0.0,0.0,2807.0154,0.0,0.0,0.0,0.0,0.0,0.0,0.0,0.0,0.0,0.0,0.0,0.0,0.0,0.0,0.0,122.37219,0.0,0.0,0.0,0.0,0.0,0.0,0.0,0.0,0.0,0.0,0.0,47.5267,0.0,0.0,0.0,0.0,0.0,0.0,0.0,0.0,0.0,0.0,0.0,21.152723,0.0,0.0,83.63081,0.0,0.0,0.0,0.0,0.0,0.0,0.0,0.0,0.0,0.0,0.0,0.0,0.0,0.0,0.0,0.0,0.0,0.0,0.0,0.0,0.0,288.51562,0.0,0.0,0.0,294.65088,0.0,0.0,0.0,0.0,0.0,0.0,0.0,0.0,0.0,0.0,0.0,0.0,0.0,0.0,0.0,0.0,0.0,0.0,0.0,0.0,0.0,0.0,0.0,0.0,0.0,0.0,0.0,0.0,0.0,123.16571,0.0,0.0,0.0,0.0,0.0,0.0,0.0,0.0,0.0,0.0,9.732586,0.0,0.0,0.0,0.0,0.0,0.0,0.0,0.0,0.0,0.0,0.0,0.0,287.7407,0.0,0.0,0.0,0.0,0.0,0.0,0.0,0.0,0.0,0.0,0.0,0.0,0.0,0.0,0.0
47,647.1525,223.476,172.60852,-7602.7085,0.0,0.0,-439.43198,0.0,0.0,7.563606,0.0,-2203.0354,-2122.967,12.019827,0.0,496.0647,0.0,0.0,0.0,0.0,0.0,0.0,0.0,0.0,21.260101,-144.29193,-517.384,0.0,0.0,0.0,0.0,0.0,0.0,25.75377,0.47585717,0.0,0.0,0.0,0.0,0.0,0.0,0.0,-2807.015,0.0,0.0,0.0,0.0,0.0,0.0,0.0,0.0,0.0,0.0,0.0,0.0,0.0,0.0,0.0,-1713.4828,0.0,0.0,0.0,0.0,0.0,0.0,0.0,0.0,0.0,0.0,0.0,163.59596,0.0,0.0,0.0,0.0,0.0,0.0,0.0,0.0,0.0,0.0,0.0,3.4671338,0.0,0.0,39.510223,0.0,0.0,0.0,0.0,0.0,0.0,0.0,0.0,0.0,0.0,0.0,0.0,0.0,0.0,0.0,0.0,0.0,0.0,0.0,0.0,0.0,933.21783,0.0,0.0,0.0,49.047962,0.0,0.0,0.0,0.0,0.0,0.0,0.0,0.0,0.0,0.0,0.0,0.0,0.0,0.0,0.0,0.0,0.0,0.0,0.0,0.0,0.0,0.0,0.0,0.0,0.0,0.0,0.0,0.0,0.0,403.84787,0.0,0.0,0.0,0.0,0.0,0.0,0.0,0.0,0.0,0.0,19.833067,0.0,0.0,0.0,0.0,0.0,0.0,0.0,0.0,0.0,0.0,0.0,0.0,559.6782,0.0,0.0,0.0,0.0,0.0,0.0,0.0,0.0,0.0,0.0,0.0,0.0,0.0,0.0,0.0
48,1357.9288,-388.5386,28.886288,-31082.027,0.0,0.0,-49.06276,0.0,0.0,20.939081,0.0,2777.1436,121.94906,-30.206903,0.0,77.43785,0.0,0.0,0.0,0.0,0.0,0.0,0.0,0.0,47.83522,139.69785,463.8155,0.0,0.0,0.0,0.0,0.0,0.0,13.682001,0.55265456,0.0,0.0,0.0,0.0,0.0,0.0,0.0,1322.5205,0.0,0.0,0.0,0.0,0.0,0.0,0.0,0.0,0.0,0.0,0.0,0.0,0.0,0.0,0.0,27.658543,0.0,0.0,0.0,0.0,0.0,0.0,0.0,0.0,0.0,0.0,0.0,-2137.556,0.0,0.0,0.0,0.0,0.0,0.0,0.0,0.0,0.0,0.0,0.0,7.8224072,0.0,0.0,34.009033,0.0,0.0,0.0,0.0,0.0,0.0,0.0,0.0,0.0,0.0,0.0,0.0,0.0,0.0,0.0,0.0,0.0,0.0,0.0,0.0,0.0,954.54913,0.0,0.0,0.0,-1069.7424,0.0,0.0,0.0,0.0,0.0,0.0,0.0,0.0,0.0,0.0,0.0,0.0,0.0,0.0,0.0,0.0,0.0,0.0,0.0,0.0,0.0,0.0,0.0,0.0,0.0,0.0,0.0,0.0,0.0,-1122.6299,0.0,0.0,0.0,0.0,0.0,0.0,0.0,0.0,0.0,0.0,-114.81501,0.0,0.0,0.0,0.0,0.0,0.0,0.0,0.0,0.0,0.0,0.0,0.0,301.14886,0.0,0.0,0.0,0.0,0.0,0.0,0.0,0.0,0.0,0.0,0.0,0.0,0.0,0.0,0.0
49,366.25125,-504.92776,233.0503,11904.681,0.0,0.0,248.39154,0.0,0.0,17.862816,0.0,-5672.627,-305.29794,38.129215,0.0,176.39099,0.0,0.0,0.0,0.0,0.0,0.0,0.0,0.0,40.394173,196.76036,596.50836,0.0,0.0,0.0,0.0,0.0,0.0,82.59834,0.47585717,0.0,0.0,0.0,0.0,0.0,0.0,0.0,2834.4578,0.0,0.0,0.0,0.0,0.0,0.0,0.0,0.0,0.0,0.0,0.0,0.0,0.0,0.0,0.0,122.37219,0.0,0.0,0.0,0.0,0.0,0.0,0.0,0.0,0.0,0.0,0.0,47.5267,0.0,0.0,0.0,0.0,0.0,0.0,0.0,0.0,0.0,0.0,0.0,6.6277466,0.0,0.0,48.905334,0.0,0.0,0.0,0.0,0.0,0.0,0.0,0.0,0.0,0.0,0.0,0.0,0.0,0.0,0.0,0.0,0.0,0.0,0.0,0.0,0.0,288.51562,0.0,0.0,0.0,294.65088,0.0,0.0,0.0,0.0,0.0,0.0,0.0,0.0,0.0,0.0,0.0,0.0,0.0,0.0,0.0,0.0,0.0,0.0,0.0,0.0,0.0,0.0,0.0,0.0,0.0,0.0,0.0,0.0,0.0,123.16571,0.0,0.0,0.0,0.0,0.0,0.0,0.0,0.0,0.0,0.0,9.732586,0.0,0.0,0.0,0.0,0.0,0.0,0.0,0.0,0.0,0.0,0.0,0.0,287.7407,0.0,0.0,0.0,0.0,0.0,0.0,0.0,0.0,0.0,0.0,0.0,0.0,0.0,0.0,0.0
50,366.25125,-504.92776,233.0503,11782.418,0.0,0.0,248.39154,0.0,0.0,17.862816,0.0,-5672.627,-305.29794,38.129215,0.0,-237.73291,0.0,0.0,0.0,0.0,0.0,0.0,0.0,0.0,40.394173,159.93645,583.0816,0.0,0.0,0.0,0.0,0.0,0.0,82.59834,0.47585717,0.0,0.0,0.0,0.0,0.0,0.0,0.0,2834.4578,0.0,0.0,0.0,0.0,0.0,0.0,0.0,0.0,0.0,0.0,0.0,0.0,0.0,0.0,0.0,122.37219,0.0,0.0,0.0,0.0,0.0,0.0,0.0,0.0,0.0,0.0,0.0,47.5267,0.0,0.0,0.0,0.0,0.0,0.0,0.0,0.0,0.0,0.0,0.0,6.6277466,0.0,0.0,34.58089,0.0,0.0,0.0,0.0,0.0,0.0,0.0,0.0,0.0,0.0,0.0,0.0,0.0,0.0,0.0,0.0,0.0,0.0,0.0,0.0,0.0,288.51562,0.0,0.0,0.0,294.65088,0.0,0.0,0.0,0.0,0.0,0.0,0.0,0.0,0.0,0.0,0.0,0.0,0.0,0.0,0.0,0.0,0.0,0.0,0.0,0.0,0.0,0.0,0.0,0.0,0.0,0.0,0.0,0.0,0.0,123.16571,0.0,0.0,0.0,0.0,0.0,0.0,0.0,0.0,0.0,0.0,9.732586,0.0,0.0,0.0,0.0,0.0,0.0,0.0,0.0,0.0,0.0,0.0,0.0,287.7407,0.0,0.0,0.0,0.0,0.0,0.0,0.0,0.0,0.0,0.0,0.0,0.0,0.0,0.0,0.0
51,800.60504,-493.86935,35.192883,-11191.921,0.0,0.0,-64.52936,0.0,0.0,53.5811,0.0,4112.412,475.16302,-41.858143,0.0,289.90125,0.0,0.0,0.0,0.0,0.0,0.0,0.0,0.0,47.83522,288.44708,877.4317,0.0,0.0,0.0,0.0,0.0,0.0,13.682001,1.3084276,0.0,0.0,0.0,0.0,0.0,0.0,0.0,2895.0967,0.0,0.0,0.0,0.0,0.0,0.0,0.0,0.0,0.0,0.0,0.0,0.0,0.0,0.0,0.0,42.83701,0.0,0.0,0.0,0.0,0.0,0.0,0.0,0.0,0.0,0.0,0.0,163.59596,0.0,0.0,0.0,0.0,0.0,0.0,0.0,0.0,0.0,0.0,0.0,21.152723,0.0,0.0,85.74301,0.0,0.0,0.0,0.0,0.0,0.0,0.0,0.0,0.0,0.0,0.0,0.0,0.0,0.0,0.0,0.0,0.0,0.0,0.0,0.0,0.0,933.21783,0.0,0.0,0.0,104.36508,0.0,0.0,0.0,0.0,0.0,0.0,0.0,0.0,0.0,0.0,0.0,0.0,0.0,0.0,0.0,0.0,0.0,0.0,0.0,0.0,0.0,0.0,0.0,0.0,0.0,0.0,0.0,0.0,0.0,403.84787,0.0,0.0,0.0,0.0,0.0,0.0,0.0,0.0,0.0,0.0,-188.07277,0.0,0.0,0.0,0.0,0.0,0.0,0.0,0.0,0.0,0.0,0.0,0.0,540.3926,0.0,0.0,0.0,0.0,0.0,0.0,0.0,0.0,0.0,0.0,0.0,0.0,0.0,0.0,0.0
52,663.9482,386.60034,187.06339,-8233.391,0.0,0.0,248.39154,0.0,0.0,17.862816,0.0,-3029.5889,607.27673,38.129215,0.0,490.8561,0.0,0.0,0.0,0.0,0.0,0.0,0.0,0.0,21.260101,127.61938,385.08566,0.0,0.0,0.0,0.0,0.0,0.0,25.75377,0.47585717,0.0,0.0,0.0,0.0,0.0,0.0,0.0,-2651.2957,0.0,0.0,0.0,0.0,0.0,0.0,0.0,0.0,0.0,0.0,0.0,0.0,0.0,0.0,0.0,42.83701,0.0,0.0,0.0,0.0,0.0,0.0,0.0,0.0,0.0,0.0,0.0,163.59596,0.0,0.0,0.0,0.0,0.0,0.0,0.0,0.0,0.0,0.0,0.0,6.6277466,0.0,0.0,51.01752,0.0,0.0,0.0,0.0,0.0,0.0,0.0,0.0,0.0,0.0,0.0,0.0,0.0,0.0,0.0,0.0,0.0,0.0,0.0,0.0,0.0,933.21783,0.0,0.0,0.0,104.36508,0.0,0.0,0.0,0.0,0.0,0.0,0.0,0.0,0.0,0.0,0.0,0.0,0.0,0.0,0.0,0.0,0.0,0.0,0.0,0.0,0.0,0.0,0.0,0.0,0.0,0.0,0.0,0.0,0.0,403.84787,0.0,0.0,0.0,0.0,0.0,0.0,0.0,0.0,0.0,0.0,57.730804,0.0,0.0,0.0,0.0,0.0,0.0,0.0,0.0,0.0,0.0,0.0,0.0,559.6782,0.0,0.0,0.0,0.0,0.0,0.0,0.0,0.0,0.0,0.0,0.0,0.0,0.0,0.0,0.0
53,800.60504,302.0688,-686.6028,-11447.1875,0.0,0.0,-72.30305,0.0,0.0,53.5811,0.0,3953.53,607.27673,-41.858143,0.0,451.1955,0.0,0.0,0.0,0.0,0.0,0.0,0.0,0.0,47.83522,274.6683,870.189,0.0,0.0,0.0,0.0,0.0,0.0,13.682001,1.3084276,0.0,0.0,0.0,0.0,0.0,0.0,0.0,-2651.2957,0.0,0.0,0.0,0.0,0.0,0.0,0.0,0.0,0.0,0.0,0.0,0.0,0.0,0.0,0.0,42.83701,0.0,0.0,0.0,0.0,0.0,0.0,0.0,0.0,0.0,0.0,0.0,163.59596,0.0,0.0,0.0,0.0,0.0,0.0,0.0,0.0,0.0,0.0,0.0,21.152723,0.0,0.0,85.74301,0.0,0.0,0.0,0.0,0.0,0.0,0.0,0.0,0.0,0.0,0.0,0.0,0.0,0.0,0.0,0.0,0.0,0.0,0.0,0.0,0.0,933.21783,0.0,0.0,0.0,104.36508,0.0,0.0,0.0,0.0,0.0,0.0,0.0,0.0,0.0,0.0,0.0,0.0,0.0,0.0,0.0,0.0,0.0,0.0,0.0,0.0,0.0,0.0,0.0,0.0,0.0,0.0,0.0,0.0,0.0,403.84787,0.0,0.0,0.0,0.0,0.0,0.0,0.0,0.0,0.0,0.0,57.730804,0.0,0.0,0.0,0.0,0.0,0.0,0.0,0.0,0.0,0.0,0.0,0.0,540.3926,0.0,0.0,0.0,0.0,0.0,0.0,0.0,0.0,0.0,0.0,0.0,0.0,0.0,0.0,0.0
54,1342.5674,-380.66623,28.886288,-27396.06,0.0,0.0,-49.06276,0.0,0.0,8.314311,0.0,2505.415,165.54759,-30.206903,0.0,212.39143,0.0,0.0,0.0,0.0,0.0,0.0,0.0,0.0,47.83522,-169.36942,-574.0357,0.0,0.0,0.0,0.0,0.0,0.0,13.682001,0.55265456,0.0,0.0,0.0,0.0,0.0,0.0,0.0,-1253.4554,0.0,0.0,0.0,0.0,0.0,0.0,0.0,0.0,0.0,0.0,0.0,0.0,0.0,0.0,0.0,42.83701,0.0,0.0,0.0,0.0,0.0,0.0,0.0,0.0,0.0,0.0,0.0,163.59596,0.0,0.0,0.0,0.0,0.0,0.0,0.0,0.0,0.0,0.0,0.0,3.903226,0.0,0.0,38.041496,0.0,0.0,0.0,0.0,0.0,0.0,0.0,0.0,0.0,0.0,0.0,0.0,0.0,0.0,0.0,0.0,0.0,0.0,0.0,0.0,0.0,964.8323,0.0,0.0,0.0,104.36508,0.0,0.0,0.0,0.0,0.0,0.0,0.0,0.0,0.0,0.0,0.0,0.0,0.0,0.0,0.0,0.0,0.0,0.0,0.0,0.0,0.0,0.0,0.0,0.0,0.0,0.0,0.0,0.0,0.0,-1122.6299,0.0,0.0,0.0,0.0,0.0,0.0,0.0,0.0,0.0,0.0,21.948483,0.0,0.0,0.0,0.0,0.0,0.0,0.0,0.0,0.0,0.0,0.0,0.0,540.3926,0.0,0.0,0.0,0.0,0.0,0.0,0.0,0.0,0.0,0.0,0.0,0.0,0.0,0.0,0.0
55,366.25125,-504.92776,233.0503,11904.681,0.0,0.0,248.39154,0.0,0.0,17.862816,0.0,-5672.627,-305.29794,38.129215,0.0,176.39099,0.0,0.0,0.0,0.0,0.0,0.0,0.0,0.0,40.394173,196.76036,596.50836,0.0,0.0,0.0,0.0,0.0,0.0,82.59834,0.47585717,0.0,0.0,0.0,0.0,0.0,0.0,0.0,2834.4578,0.0,0.0,0.0,0.0,0.0,0.0,0.0,0.0,0.0,0.0,0.0,0.0,0.0,0.0,0.0,122.37219,0.0,0.0,0.0,0.0,0.0,0.0,0.0,0.0,0.0,0.0,0.0,47.5267,0.0,0.0,0.0,0.0,0.0,0.0,0.0,0.0,0.0,0.0,0.0,6.6277466,0.0,0.0,48.905334,0.0,0.0,0.0,0.0,0.0,0.0,0.0,0.0,0.0,0.0,0.0,0.0,0.0,0.0,0.0,0.0,0.0,0.0,0.0,0.0,0.0,288.51562,0.0,0.0,0.0,294.65088,0.0,0.0,0.0,0.0,0.0,0.0,0.0,0.0,0.0,0.0,0.0,0.0,0.0,0.0,0.0,0.0,0.0,0.0,0.0,0.0,0.0,0.0,0.0,0.0,0.0,0.0,0.0,0.0,0.0,123.16571,0.0,0.0,0.0,0.0,0.0,0.0,0.0,0.0,0.0,0.0,9.732586,0.0,0.0,0.0,0.0,0.0,0.0,0.0,0.0,0.0,0.0,0.0,0.0,287.7407,0.0,0.0,0.0,0.0,0.0,0.0,0.0,0.0,0.0,0.0,0.0,0.0,0.0,0.0,0.0
56,667.8946,352.11414,-952.5933,13250.407,0.0,0.0,-96.73828,0.0,0.0,53.5811,0.0,7697.0273,256.938,5.232266,0.0,341.81232,0.0,0.0,0.0,0.0,0.0,0.0,0.0,0.0,162.63977,401.55917,-67.19579,0.0,0.0,0.0,0.0,0.0,0.0,26.236172,1.3084276,0.0,0.0,0.0,0.0,0.0,0.0,0.0,-2651.2957,0.0,0.0,0.0,0.0,0.0,0.0,0.0,0.0,0.0,0.0,0.0,0.0,0.0,0.0,0.0,122.37219,0.0,0.0,0.0,0.0,0.0,0.0,0.0,0.0,0.0,0.0,0.0,47.5267,0.0,0.0,0.0,0.0,0.0,0.0,0.0,0.0,0.0,0.0,0.0,6.6026645,0.0,0.0,83.63081,0.0,0.0,0.0,0.0,0.0,0.0,0.0,0.0,0.0,0.0,0.0,0.0,0.0,0.0,0.0,0.0,0.0,0.0,0.0,0.0,0.0,288.88147,0.0,0.0,0.0,294.65088,0.0,0.0,0.0,0.0,0.0,0.0,0.0,0.0,0.0,0.0,0.0,0.0,0.0,0.0,0.0,0.0,0.0,0.0,0.0,0.0,0.0,0.0,0.0,0.0,0.0,0.0,0.0,0.0,0.0,123.16571,0.0,0.0,0.0,0.0,0.0,0.0,0.0,0.0,0.0,0.0,57.730804,0.0,0.0,0.0,0.0,0.0,0.0,0.0,0.0,0.0,0.0,0.0,0.0,198.19527,0.0,0.0,0.0,0.0,0.0,0.0,0.0,0.0,0.0,0.0,0.0,0.0,0.0,0.0,0.0
57,640.06165,-5126.838,-2498.913,-11610.464,0.0,0.0,-309.91574,0.0,0.0,17.862816,0.0,-4081.3223,24.706541,12.019827,0.0,538.23505,0.0,0.0,0.0,0.0,0.0,0.0,0.0,0.0,21.260101,125.68142,346.82672,0.0,0.0,0.0,0.0,0.0,0.0,25.75377,0.47585717,0.0,0.0,0.0,0.0,0.0,0.0,0.0,-2895.0962,0.0,0.0,0.0,0.0,0.0,0.0,0.0,0.0,0.0,0.0,0.0,0.0,0.0,0.0,0.0,42.83701,0.0,0.0,0.0,0.0,0.0,0.0,0.0,0.0,0.0,0.0,0.0,-2137.556,0.0,0.0,0.0,0.0,0.0,0.0,0.0,0.0,0.0,0.0,0.0,3.8809185,0.0,0.0,34.0121,0.0,0.0,0.0,0.0,0.0,0.0,0.0,0.0,0.0,0.0,0.0,0.0,0.0,0.0,0.0,0.0,0.0,0.0,0.0,0.0,0.0,902.2207,0.0,0.0,0.0,104.36508,0.0,0.0,0.0,0.0,0.0,0.0,0.0,0.0,0.0,0.0,0.0,0.0,0.0,0.0,0.0,0.0,0.0,0.0,0.0,0.0,0.0,0.0,0.0,0.0,0.0,0.0,0.0,0.0,0.0,-1122.6299,0.0,0.0,0.0,0.0,0.0,0.0,0.0,0.0,0.0,0.0,-635.03876,0.0,0.0,0.0,0.0,0.0,0.0,0.0,0.0,0.0,0.0,0.0,0.0,320.43436,0.0,0.0,0.0,0.0,0.0,0.0,0.0,0.0,0.0,0.0,0.0,0.0,0.0,0.0,0.0
58,738.84344,305.9185,52.54354,-7073.946,0.0,0.0,-93.083824,0.0,0.0,53.5811,0.0,734.1214,607.27673,-41.858143,0.0,451.1955,0.0,0.0,0.0,0.0,0.0,0.0,0.0,0.0,21.260101,288.75287,877.4317,0.0,0.0,0.0,0.0,0.0,0.0,-607.45935,1.3084276,0.0,0.0,0.0,0.0,0.0,0.0,0.0,-2651.2957,0.0,0.0,0.0,0.0,0.0,0.0,0.0,0.0,0.0,0.0,0.0,0.0,0.0,0.0,0.0,27.658543,0.0,0.0,0.0,0.0,0.0,0.0,0.0,0.0,0.0,0.0,0.0,163.59596,0.0,0.0,0.0,0.0,0.0,0.0,0.0,0.0,0.0,0.0,0.0,21.152723,0.0,0.0,85.74301,0.0,0.0,0.0,0.0,0.0,0.0,0.0,0.0,0.0,0.0,0.0,0.0,0.0,0.0,0.0,0.0,0.0,0.0,0.0,0.0,0.0,933.21783,0.0,0.0,0.0,-1069.7424,0.0,0.0,0.0,0.0,0.0,0.0,0.0,0.0,0.0,0.0,0.0,0.0,0.0,0.0,0.0,0.0,0.0,0.0,0.0,0.0,0.0,0.0,0.0,0.0,0.0,0.0,0.0,0.0,0.0,403.84787,0.0,0.0,0.0,0.0,0.0,0.0,0.0,0.0,0.0,0.0,57.730804,0.0,0.0,0.0,0.0,0.0,0.0,0.0,0.0,0.0,0.0,0.0,0.0,541.7957,0.0,0.0,0.0,0.0,0.0,0.0,0.0,0.0,0.0,0.0,0.0,0.0,0.0,0.0,0.0
59,725.3538,370.4156,63.988476,13848.972,0.0,0.0,52.87154,0.0,0.0,53.5811,0.0,6791.702,152.60039,-75.6451,0.0,140.78558,0.0,0.0,0.0,0.0,0.0,0.0,0.0,0.0,162.63977,401.87012,1238.4147,0.0,0.0,0.0,0.0,0.0,0.0,26.236172,1.3084276,0.0,0.0,0.0,0.0,0.0,0.0,0.0,2651.2964,0.0,0.0,0.0,0.0,0.0,0.0,0.0,0.0,0.0,0.0,0.0,0.0,0.0,0.0,0.0,122.37219,0.0,0.0,0.0,0.0,0.0,0.0,0.0,0.0,0.0,0.0,0.0,47.5267,0.0,0.0,0.0,0.0,0.0,0.0,0.0,0.0,0.0,0.0,0.0,21.152723,0.0,0.0,83.63081,0.0,0.0,0.0,0.0,0.0,0.0,0.0,0.0,0.0,0.0,0.0,0.0,0.0,0.0,0.0,0.0,0.0,0.0,0.0,0.0,0.0,288.88147,0.0,0.0,0.0,294.65088,0.0,0.0,0.0,0.0,0.0,0.0,0.0,0.0,0.0,0.0,0.0,0.0,0.0,0.0,0.0,0.0,0.0,0.0,0.0,0.0,0.0,0.0,0.0,0.0,0.0,0.0,0.0,0.0,0.0,123.16571,0.0,0.0,0.0,0.0,0.0,0.0,0.0,0.0,0.0,0.0,17.097525,0.0,0.0,0.0,0.0,0.0,0.0,0.0,0.0,0.0,0.0,0.0,0.0,198.19527,0.0,0.0,0.0,0.0,0.0,0.0,0.0,0.0,0.0,0.0,0.0,0.0,0.0,0.0,0.0
60,366.25125,-504.92776,233.0503,11904.681,0.0,0.0,248.39154,0.0,0.0,17.862816,0.0,-5672.627,-305.29794,38.129215,0.0,176.39099,0.0,0.0,0.0,0.0,0.0,0.0,0.0,0.0,40.394173,196.76036,596.50836,0.0,0.0,0.0,0.0,0.0,0.0,82.59834,0.47585717,0.0,0.0,0.0,0.0,0.0,0.0,0.0,2834.4578,0.0,0.0,0.0,0.0,0.0,0.0,0.0,0.0,0.0,0.0,0.0,0.0,0.0,0.0,0.0,122.37219,0.0,0.0,0.0,0.0,0.0,0.0,0.0,0.0,0.0,0.0,0.0,47.5267,0.0,0.0,0.0,0.0,0.0,0.0,0.0,0.0,0.0,0.0,0.0,6.6277466,0.0,0.0,48.905334,0.0,0.0,0.0,0.0,0.0,0.0,0.0,0.0,0.0,0.0,0.0,0.0,0.0,0.0,0.0,0.0,0.0,0.0,0.0,0.0,0.0,288.51562,0.0,0.0,0.0,294.65088,0.0,0.0,0.0,0.0,0.0,0.0,0.0,0.0,0.0,0.0,0.0,0.0,0.0,0.0,0.0,0.0,0.0,0.0,0.0,0.0,0.0,0.0,0.0,0.0,0.0,0.0,0.0,0.0,0.0,123.16571,0.0,0.0,0.0,0.0,0.0,0.0,0.0,0.0,0.0,0.0,9.732586,0.0,0.0,0.0,0.0,0.0,0.0,0.0,0.0,0.0,0.0,0.0,0.0,287.7407,0.0,0.0,0.0,0.0,0.0,0.0,0.0,0.0,0.0,0.0,0.0,0.0,0.0,0.0,0.0
61,800.60504,344.77463,52.54354,-10197.041,0.0,0.0,-93.083824,0.0,0.0,53.5811,0.0,3260.5676,607.27673,-41.858143,0.0,312.1634,0.0,0.0,0.0,0.0,0.0,0.0,0.0,0.0,47.83522,283.36517,874.55756,0.0,0.0,0.0,0.0,0.0,0.0,13.682001,1.3084276,0.0,0.0,0.0,0.0,0.0,0.0,0.0,-2651.2957,0.0,0.0,0.0,0.0,0.0,0.0,0.0,0.0,0.0,0.0,0.0,0.0,0.0,0.0,0.0,27.658543,0.0,0.0,0.0,0.0,0.0,0.0,0.0,0.0,0.0,0.0,0.0,163.59596,0.0,0.0,0.0,0.0,0.0,0.0,0.0,0.0,0.0,0.0,0.0,21.152723,0.0,0.0,82.749695,0.0,0.0,0.0,0.0,0.0,0.0,0.0,0.0,0.0,0.0,0.0,0.0,0.0,0.0,0.0,0.0,0.0,0.0,0.0,0.0,0.0,933.21783,0.0,0.0,0.0,-1069.7424,0.0,0.0,0.0,0.0,0.0,0.0,0.0,0.0,0.0,0.0,0.0,0.0,0.0,0.0,0.0,0.0,0.0,0.0,0.0,0.0,0.0,0.0,0.0,0.0,0.0,0.0,0.0,0.0,0.0,403.84787,0.0,0.0,0.0,0.0,0.0,0.0,0.0,0.0,0.0,0.0,57.730804,0.0,0.0,0.0,0.0,0.0,0.0,0.0,0.0,0.0,0.0,0.0,0.0,540.3926,0.0,0.0,0.0,0.0,0.0,0.0,0.0,0.0,0.0,0.0,0.0,0.0,0.0,0.0,0.0
62,366.25125,-504.92776,233.0503,11904.681,0.0,0.0,248.39154,0.0,0.0,17.862816,0.0,-5672.627,-305.29794,38.129215,0.0,176.39099,0.0,0.0,0.0,0.0,0.0,0.0,0.0,0.0,40.394173,196.76036,596.50836,0.0,0.0,0.0,0.0,0.0,0.0,82.59834,0.47585717,0.0,0.0,0.0,0.0,0.0,0.0,0.0,2834.4578,0.0,0.0,0.0,0.0,0.0,0.0,0.0,0.0,0.0,0.0,0.0,0.0,0.0,0.0,0.0,122.37219,0.0,0.0,0.0,0.0,0.0,0.0,0.0,0.0,0.0,0.0,0.0,47.5267,0.0,0.0,0.0,0.0,0.0,0.0,0.0,0.0,0.0,0.0,0.0,6.6277466,0.0,0.0,48.905334,0.0,0.0,0.0,0.0,0.0,0.0,0.0,0.0,0.0,0.0,0.0,0.0,0.0,0.0,0.0,0.0,0.0,0.0,0.0,0.0,0.0,288.51562,0.0,0.0,0.0,294.65088,0.0,0.0,0.0,0.0,0.0,0.0,0.0,0.0,0.0,0.0,0.0,0.0,0.0,0.0,0.0,0.0,0.0,0.0,0.0,0.0,0.0,0.0,0.0,0.0,0.0,0.0,0.0,0.0,0.0,123.16571,0.0,0.0,0.0,0.0,0.0,0.0,0.0,0.0,0.0,0.0,9.732586,0.0,0.0,0.0,0.0,0.0,0.0,0.0,0.0,0.0,0.0,0.0,0.0,287.7407,0.0,0.0,0.0,0.0,0.0,0.0,0.0,0.0,0.0,0.0,0.0,0.0,0.0,0.0,0.0
63,366.3777,146.14255,56.38375,8087.8013,0.0,0.0,52.87154,0.0,0.0,11.924636,0.0,-4316.863,-195.65851,-75.6451,0.0,311.1794,0.0,0.0,0.0,0.0,0.0,0.0,0.0,0.0,40.394173,-332.3431,-5024.2256,0.0,0.0,0.0,0.0,0.0,0.0,26.238033,-53.64544,0.0,0.0,0.0,0.0,0.0,0.0,0.0,-2807.015,0.0,0.0,0.0,0.0,0.0,0.0,0.0,0.0,0.0,0.0,0.0,0.0,0.0,0.0,0.0,52.55121,0.0,0.0,0.0,0.0,0.0,0.0,0.0,0.0,0.0,0.0,0.0,47.5267,0.0,0.0,0.0,0.0,0.0,0.0,0.0,0.0,0.0,0.0,0.0,6.6026645,0.0,0.0,28.514135,0.0,0.0,0.0,0.0,0.0,0.0,0.0,0.0,0.0,0.0,0.0,0.0,0.0,0.0,0.0,0.0,0.0,0.0,0.0,0.0,0.0,288.88147,0.0,0.0,0.0,-3020.1719,0.0,0.0,0.0,0.0,0.0,0.0,0.0,0.0,0.0,0.0,0.0,0.0,0.0,0.0,0.0,0.0,0.0,0.0,0.0,0.0,0.0,0.0,0.0,0.0,0.0,0.0,0.0,0.0,0.0,123.16571,0.0,0.0,0.0,0.0,0.0,0.0,0.0,0.0,0.0,0.0,19.833067,0.0,0.0,0.0,0.0,0.0,0.0,0.0,0.0,0.0,0.0,0.0,0.0,198.19527,0.0,0.0,0.0,0.0,0.0,0.0,0.0,0.0,0.0,0.0,0.0,0.0,0.0,0.0,0.0
64,800.60504,-493.86935,35.192883,-11445.915,0.0,0.0,-64.52936,0.0,0.0,53.5811,0.0,3990.402,607.27673,-41.858143,0.0,267.05124,0.0,0.0,0.0,0.0,0.0,0.0,0.0,0.0,47.83522,280.51797,750.88226,0.0,0.0,0.0,0.0,0.0,0.0,13.682001,1.3084276,0.0,0.0,0.0,0.0,0.0,0.0,0.0,-2651.2957,0.0,0.0,0.0,0.0,0.0,0.0,0.0,0.0,0.0,0.0,0.0,0.0,0.0,0.0,0.0,42.83701,0.0,0.0,0.0,0.0,0.0,0.0,0.0,0.0,0.0,0.0,0.0,163.59596,0.0,0.0,0.0,0.0,0.0,0.0,0.0,0.0,0.0,0.0,0.0,-423.05435,0.0,0.0,82.749695,0.0,0.0,0.0,0.0,0.0,0.0,0.0,0.0,0.0,0.0,0.0,0.0,0.0,0.0,0.0,0.0,0.0,0.0,0.0,0.0,0.0,933.21783,0.0,0.0,0.0,104.36508,0.0,0.0,0.0,0.0,0.0,0.0,0.0,0.0,0.0,0.0,0.0,0.0,0.0,0.0,0.0,0.0,0.0,0.0,0.0,0.0,0.0,0.0,0.0,0.0,0.0,0.0,0.0,0.0,0.0,403.84787,0.0,0.0,0.0,0.0,0.0,0.0,0.0,0.0,0.0,0.0,57.730804,0.0,0.0,0.0,0.0,0.0,0.0,0.0,0.0,0.0,0.0,0.0,0.0,540.3926,0.0,0.0,0.0,0.0,0.0,0.0,0.0,0.0,0.0,0.0,0.0,0.0,0.0,0.0,0.0
65,441.14713,-418.91776,63.988476,12923.249,0.0,0.0,66.446655,0.0,0.0,53.5811,0.0,-197.15022,-279.4079,9.455638,0.0,136.98788,0.0,0.0,0.0,0.0,0.0,0.0,0.0,0.0,40.394173,401.87012,1238.4147,0.0,0.0,0.0,0.0,0.0,0.0,82.59834,1.3084276,0.0,0.0,0.0,0.0,0.0,0.0,0.0,2807.0154,0.0,0.0,0.0,0.0,0.0,0.0,0.0,0.0,0.0,0.0,0.0,0.0,0.0,0.0,0.0,122.37219,0.0,0.0,0.0,0.0,0.0,0.0,0.0,0.0,0.0,0.0,0.0,47.5267,0.0,0.0,0.0,0.0,0.0,0.0,0.0,0.0,0.0,0.0,0.0,21.152723,0.0,0.0,83.63081,0.0,0.0,0.0,0.0,0.0,0.0,0.0,0.0,0.0,0.0,0.0,0.0,0.0,0.0,0.0,0.0,0.0,0.0,0.0,0.0,0.0,288.51562,0.0,0.0,0.0,294.65088,0.0,0.0,0.0,0.0,0.0,0.0,0.0,0.0,0.0,0.0,0.0,0.0,0.0,0.0,0.0,0.0,0.0,0.0,0.0,0.0,0.0,0.0,0.0,0.0,0.0,0.0,0.0,0.0,0.0,123.16571,0.0,0.0,0.0,0.0,0.0,0.0,0.0,0.0,0.0,0.0,9.732586,0.0,0.0,0.0,0.0,0.0,0.0,0.0,0.0,0.0,0.0,0.0,0.0,287.7407,0.0,0.0,0.0,0.0,0.0,0.0,0.0,0.0,0.0,0.0,0.0,0.0,0.0,0.0,0.0
66,647.1525,343.94254,187.06339,-8499.003,0.0,0.0,248.39154,0.0,0.0,7.563606,0.0,-2005.345,607.27673,38.129215,0.0,444.66824,0.0,0.0,0.0,0.0,0.0,0.0,0.0,0.0,21.260101,-144.29193,-517.384,0.0,0.0,0.0,0.0,0.0,0.0,16.363077,0.47585717,0.0,0.0,0.0,0.0,0.0,0.0,0.0,-2651.2957,0.0,0.0,0.0,0.0,0.0,0.0,0.0,0.0,0.0,0.0,0.0,0.0,0.0,0.0,0.0,42.83701,0.0,0.0,0.0,0.0,0.0,0.0,0.0,0.0,0.0,0.0,0.0,75.710495,0.0,0.0,0.0,0.0,0.0,0.0,0.0,0.0,0.0,0.0,0.0,3.4671338,0.0,0.0,39.510223,0.0,0.0,0.0,0.0,0.0,0.0,0.0,0.0,0.0,0.0,0.0,0.0,0.0,0.0,0.0,0.0,0.0,0.0,0.0,0.0,0.0,933.21783,0.0,0.0,0.0,104.36508,0.0,0.0,0.0,0.0,0.0,0.0,0.0,0.0,0.0,0.0,0.0,0.0,0.0,0.0,0.0,0.0,0.0,0.0,0.0,0.0,0.0,0.0,0.0,0.0,0.0,0.0,0.0,0.0,0.0,403.84787,0.0,0.0,0.0,0.0,0.0,0.0,0.0,0.0,0.0,0.0,57.730804,0.0,0.0,0.0,0.0,0.0,0.0,0.0,0.0,0.0,0.0,0.0,0.0,-2636.9014,0.0,0.0,0.0,0.0,0.0,0.0,0.0,0.0,0.0,0.0,0.0,0.0,0.0,0.0,0.0
67,362.51135,173.01997,108.41664,11126.706,0.0,0.0,-117.51906,0.0,0.0,21.90765,0.0,-4047.7524,256.938,5.232266,0.0,412.53748,0.0,0.0,0.0,0.0,0.0,0.0,0.0,0.0,40.394173,20.982002,-767.75726,0.0,0.0,0.0,0.0,0.0,0.0,34.877483,1.3084276,0.0,0.0,0.0,0.0,0.0,0.0,0.0,-2651.2957,0.0,0.0,0.0,0.0,0.0,0.0,0.0,0.0,0.0,0.0,0.0,0.0,0.0,0.0,0.0,122.37219,0.0,0.0,0.0,0.0,0.0,0.0,0.0,0.0,0.0,0.0,0.0,29.37282,0.0,0.0,0.0,0.0,0.0,0.0,0.0,0.0,0.0,0.0,0.0,3.8696463,0.0,0.0,-2064.6245,0.0,0.0,0.0,0.0,0.0,0.0,0.0,0.0,0.0,0.0,0.0,0.0,0.0,0.0,0.0,0.0,0.0,0.0,0.0,0.0,0.0,283.92413,0.0,0.0,0.0,294.65088,0.0,0.0,0.0,0.0,0.0,0.0,0.0,0.0,0.0,0.0,0.0,0.0,0.0,0.0,0.0,0.0,0.0,0.0,0.0,0.0,0.0,0.0,0.0,0.0,0.0,0.0,0.0,0.0,0.0,-342.13135,0.0,0.0,0.0,0.0,0.0,0.0,0.0,0.0,0.0,0.0,57.730804,0.0,0.0,0.0,0.0,0.0,0.0,0.0,0.0,0.0,0.0,0.0,0.0,-2206.2158,0.0,0.0,0.0,0.0,0.0,0.0,0.0,0.0,0.0,0.0,0.0,0.0,0.0,0.0,0.0
68,441.25165,336.54703,-952.5933,11746.635,0.0,0.0,-96.73828,0.0,0.0,53.5811,0.0,1140.6737,152.60039,5.232266,0.0,140.78558,0.0,0.0,0.0,0.0,0.0,0.0,0.0,0.0,40.394173,401.55917,1218.1357,0.0,0.0,0.0,0.0,0.0,0.0,82.59834,1.3084276,0.0,0.0,0.0,0.0,0.0,0.0,0.0,2651.2964,0.0,0.0,0.0,0.0,0.0,0.0,0.0,0.0,0.0,0.0,0.0,0.0,0.0,0.0,0.0,122.37219,0.0,0.0,0.0,0.0,0.0,0.0,0.0,0.0,0.0,0.0,0.0,47.5267,0.0,0.0,0.0,0.0,0.0,0.0,0.0,0.0,0.0,0.0,0.0,21.152723,0.0,0.0,83.63081,0.0,0.0,0.0,0.0,0.0,0.0,0.0,0.0,0.0,0.0,0.0,0.0,0.0,0.0,0.0,0.0,0.0,0.0,0.0,0.0,0.0,288.88147,0.0,0.0,0.0,294.65088,0.0,0.0,0.0,0.0,0.0,0.0,0.0,0.0,0.0,0.0,0.0,0.0,0.0,0.0,0.0,0.0,0.0,0.0,0.0,0.0,0.0,0.0,0.0,0.0,0.0,0.0,0.0,0.0,0.0,123.16571,0.0,0.0,0.0,0.0,0.0,0.0,0.0,0.0,0.0,0.0,17.097525,0.0,0.0,0.0,0.0,0.0,0.0,0.0,0.0,0.0,0.0,0.0,0.0,287.7407,0.0,0.0,0.0,0.0,0.0,0.0,0.0,0.0,0.0,0.0,0.0,0.0,0.0,0.0,0.0
69,725.3538,370.4156,63.988476,13848.972,0.0,0.0,52.87154,0.0,0.0,53.5811,0.0,6791.702,152.60039,-75.6451,0.0,140.78558,0.0,0.0,0.0,0.0,0.0,0.0,0.0,0.0,162.63977,401.87012,1238.4147,0.0,0.0,0.0,0.0,0.0,0.0,26.236172,1.3084276,0.0,0.0,0.0,0.0,0.0,0.0,0.0,2651.2964,0.0,0.0,0.0,0.0,0.0,0.0,0.0,0.0,0.0,0.0,0.0,0.0,0.0,0.0,0.0,122.37219,0.0,0.0,0.0,0.0,0.0,0.0,0.0,0.0,0.0,0.0,0.0,47.5267,0.0,0.0,0.0,0.0,0.0,0.0,0.0,0.0,0.0,0.0,0.0,21.152723,0.0,0.0,83.63081,0.0,0.0,0.0,0.0,0.0,0.0,0.0,0.0,0.0,0.0,0.0,0.0,0.0,0.0,0.0,0.0,0.0,0.0,0.0,0.0,0.0,288.88147,0.0,0.0,0.0,294.65088,0.0,0.0,0.0,0.0,0.0,0.0,0.0,0.0,0.0,0.0,0.0,0.0,0.0,0.0,0.0,0.0,0.0,0.0,0.0,0.0,0.0,0.0,0.0,0.0,0.0,0.0,0.0,0.0,0.0,123.16571,0.0,0.0,0.0,0.0,0.0,0.0,0.0,0.0,0.0,0.0,17.097525,0.0,0.0,0.0,0.0,0.0,0.0,0.0,0.0,0.0,0.0,0.0,0.0,198.19527,0.0,0.0,0.0,0.0,0.0,0.0,0.0,0.0,0.0,0.0,0.0,0.0,0.0,0.0,0.0
70,725.3538,301.90997,61.669197,13343.51,0.0,0.0,-117.51906,0.0,0.0,53.5811,0.0,7878.2983,256.938,5.232266,0.0,672.056,0.0,0.0,0.0,0.0,0.0,0.0,0.0,0.0,162.63977,394.75406,1338.9279,0.0,0.0,0.0,0.0,0.0,0.0,-618.83655,1.3084276,0.0,0.0,0.0,0.0,0.0,0.0,0.0,-2651.2957,0.0,0.0,0.0,0.0,0.0,0.0,0.0,0.0,0.0,0.0,0.0,0.0,0.0,0.0,0.0,122.37219,0.0,0.0,0.0,0.0,0.0,0.0,0.0,0.0,0.0,0.0,0.0,47.5267,0.0,0.0,0.0,0.0,0.0,0.0,0.0,0.0,0.0,0.0,0.0,7.7264786,0.0,0.0,83.63081,0.0,0.0,0.0,0.0,0.0,0.0,0.0,0.0,0.0,0.0,0.0,0.0,0.0,0.0,0.0,0.0,0.0,0.0,0.0,0.0,0.0,288.88147,0.0,0.0,0.0,294.65088,0.0,0.0,0.0,0.0,0.0,0.0,0.0,0.0,0.0,0.0,0.0,0.0,0.0,0.0,0.0,0.0,0.0,0.0,0.0,0.0,0.0,0.0,0.0,0.0,0.0,0.0,0.0,0.0,0.0,123.16571,0.0,0.0,0.0,0.0,0.0,0.0,0.0,0.0,0.0,0.0,57.730804,0.0,0.0,0.0,0.0,0.0,0.0,0.0,0.0,0.0,0.0,0.0,0.0,179.86012,0.0,0.0,0.0,0.0,0.0,0.0,0.0,0.0,0.0,0.0,0.0,0.0,0.0,0.0,0.0
71,-547.89844,-506.19052,233.0503,11732.992,0.0,0.0,248.39154,0.0,0.0,17.862816,0.0,-4538.668,-305.29794,38.129215,0.0,-237.73291,0.0,0.0,0.0,0.0,0.0,0.0,0.0,0.0,40.394173,159.93645,413.96432,0.0,0.0,0.0,0.0,0.0,0.0,82.59834,0.47585717,0.0,0.0,0.0,0.0,0.0,0.0,0.0,2834.4578,0.0,0.0,0.0,0.0,0.0,0.0,0.0,0.0,0.0,0.0,0.0,0.0,0.0,0.0,0.0,122.37219,0.0,0.0,0.0,0.0,0.0,0.0,0.0,0.0,0.0,0.0,0.0,47.5267,0.0,0.0,0.0,0.0,0.0,0.0,0.0,0.0,0.0,0.0,0.0,6.6277466,0.0,0.0,34.58089,0.0,0.0,0.0,0.0,0.0,0.0,0.0,0.0,0.0,0.0,0.0,0.0,0.0,0.0,0.0,0.0,0.0,0.0,0.0,0.0,0.0,288.51562,0.0,0.0,0.0,294.65088,0.0,0.0,0.0,0.0,0.0,0.0,0.0,0.0,0.0,0.0,0.0,0.0,0.0,0.0,0.0,0.0,0.0,0.0,0.0,0.0,0.0,0.0,0.0,0.0,0.0,0.0,0.0,0.0,0.0,123.16571,0.0,0.0,0.0,0.0,0.0,0.0,0.0,0.0,0.0,0.0,9.732586,0.0,0.0,0.0,0.0,0.0,0.0,0.0,0.0,0.0,0.0,0.0,0.0,287.7407,0.0,0.0,0.0,0.0,0.0,0.0,0.0,0.0,0.0,0.0,0.0,0.0,0.0,0.0,0.0
72,-2003.4746,304.63965,52.54354,-10180.161,0.0,0.0,-117.51906,0.0,0.0,-1446.6904,0.0,2098.3677,464.34833,5.232266,0.0,451.1955,0.0,0.0,0.0,0.0,0.0,0.0,0.0,0.0,47.83522,14.575752,93.95911,0.0,0.0,0.0,0.0,0.0,0.0,13.682001,1.3084276,0.0,0.0,0.0,0.0,0.0,0.0,0.0,-2895.0962,0.0,0.0,0.0,0.0,0.0,0.0,0.0,0.0,0.0,0.0,0.0,0.0,0.0,0.0,0.0,-1106.3431,0.0,0.0,0.0,0.0,0.0,0.0,0.0,0.0,0.0,0.0,0.0,163.59596,0.0,0.0,0.0,0.0,0.0,0.0,0.0,0.0,0.0,0.0,0.0,21.152723,0.0,0.0,55.161686,0.0,0.0,0.0,0.0,0.0,0.0,0.0,0.0,0.0,0.0,0.0,0.0,0.0,0.0,0.0,0.0,0.0,0.0,0.0,0.0,0.0,933.21783,0.0,0.0,0.0,-502.74167,0.0,0.0,0.0,0.0,0.0,0.0,0.0,0.0,0.0,0.0,0.0,0.0,0.0,0.0,0.0,0.0,0.0,0.0,0.0,0.0,0.0,0.0,0.0,0.0,0.0,0.0,0.0,0.0,0.0,403.84787,0.0,0.0,0.0,0.0,0.0,0.0,0.0,0.0,0.0,0.0,-635.03876,0.0,0.0,0.0,0.0,0.0,0.0,0.0,0.0,0.0,0.0,0.0,0.0,540.3926,0.0,0.0,0.0,0.0,0.0,0.0,0.0,0.0,0.0,0.0,0.0,0.0,0.0,0.0,0.0
73,554.38226,-411.73538,26.17031,-31223.496,0.0,0.0,-49.06276,0.0,0.0,8.314311,0.0,2413.8787,165.54759,-30.206903,0.0,105.94246,0.0,0.0,0.0,0.0,0.0,0.0,0.0,0.0,47.83522,-169.36942,-1548.858,0.0,0.0,0.0,0.0,0.0,0.0,10.243232,0.55265456,0.0,0.0,0.0,0.0,0.0,0.0,0.0,-1253.4554,0.0,0.0,0.0,0.0,0.0,0.0,0.0,0.0,0.0,0.0,0.0,0.0,0.0,0.0,0.0,-1713.4828,0.0,0.0,0.0,0.0,0.0,0.0,0.0,0.0,0.0,0.0,0.0,62.945385,0.0,0.0,0.0,0.0,0.0,0.0,0.0,0.0,0.0,0.0,0.0,3.903226,0.0,0.0,22.132687,0.0,0.0,0.0,0.0,0.0,0.0,0.0,0.0,0.0,0.0,0.0,0.0,0.0,0.0,0.0,0.0,0.0,0.0,0.0,0.0,0.0,-15681.565,0.0,0.0,0.0,49.047962,0.0,0.0,0.0,0.0,0.0,0.0,0.0,0.0,0.0,0.0,0.0,0.0,0.0,0.0,0.0,0.0,0.0,0.0,0.0,0.0,0.0,0.0,0.0,0.0,0.0,0.0,0.0,0.0,0.0,-871.7051,0.0,0.0,0.0,0.0,0.0,0.0,0.0,0.0,0.0,0.0,21.948483,0.0,0.0,0.0,0.0,0.0,0.0,0.0,0.0,0.0,0.0,0.0,0.0,-2408.4077,0.0,0.0,0.0,0.0,0.0,0.0,0.0,0.0,0.0,0.0,0.0,0.0,0.0,0.0,0.0
74,-143.80576,130.79161,177.09528,9881.255,0.0,0.0,-439.43198,0.0,0.0,-204.21748,0.0,-3346.3186,256.938,12.019827,0.0,385.8249,0.0,0.0,0.0,0.0,0.0,0.0,0.0,0.0,-323.15347,-185.75745,-2604.2673,0.0,0.0,0.0,0.0,0.0,0.0,82.59834,0.47585717,0.0,0.0,0.0,0.0,0.0,0.0,0.0,-2651.2957,0.0,0.0,0.0,0.0,0.0,0.0,0.0,0.0,0.0,0.0,0.0,0.0,0.0,0.0,0.0,122.37219,0.0,0.0,0.0,0.0,0.0,0.0,0.0,0.0,0.0,0.0,0.0,47.5267,0.0,0.0,0.0,0.0,0.0,0.0,0.0,0.0,0.0,0.0,0.0,2.4608507,0.0,0.0,22.743261,0.0,0.0,0.0,0.0,0.0,0.0,0.0,0.0,0.0,0.0,0.0,0.0,0.0,0.0,0.0,0.0,0.0,0.0,0.0,0.0,0.0,285.5561,0.0,0.0,0.0,294.65088,0.0,0.0,0.0,0.0,0.0,0.0,0.0,0.0,0.0,0.0,0.0,0.0,0.0,0.0,0.0,0.0,0.0,0.0,0.0,0.0,0.0,0.0,0.0,0.0,0.0,0.0,0.0,0.0,0.0,-342.13135,0.0,0.0,0.0,0.0,0.0,0.0,0.0,0.0,0.0,0.0,57.730804,0.0,0.0,0.0,0.0,0.0,0.0,0.0,0.0,0.0,0.0,0.0,0.0,287.7407,0.0,0.0,0.0,0.0,0.0,0.0,0.0,0.0,0.0,0.0,0.0,0.0,0.0,0.0,0.0
75,-522.7643,-2257.6914,233.0503,12801.247,0.0,0.0,248.39154,0.0,0.0,17.862816,0.0,-2712.1619,93.82477,38.129215,0.0,168.53871,0.0,0.0,0.0,0.0,0.0,0.0,0.0,0.0,40.394173,196.76036,350.97482,0.0,0.0,0.0,0.0,0.0,0.0,82.59834,0.47585717,0.0,0.0,0.0,0.0,0.0,0.0,0.0,2651.2964,0.0,0.0,0.0,0.0,0.0,0.0,0.0,0.0,0.0,0.0,0.0,0.0,0.0,0.0,0.0,122.37219,0.0,0.0,0.0,0.0,0.0,0.0,0.0,0.0,0.0,0.0,0.0,-621.0089,0.0,0.0,0.0,0.0,0.0,0.0,0.0,0.0,0.0,0.0,0.0,6.6277466,0.0,0.0,45.888588,0.0,0.0,0.0,0.0,0.0,0.0,0.0,0.0,0.0,0.0,0.0,0.0,0.0,0.0,0.0,0.0,0.0,0.0,0.0,0.0,0.0,283.38004,0.0,0.0,0.0,294.65088,0.0,0.0,0.0,0.0,0.0,0.0,0.0,0.0,0.0,0.0,0.0,0.0,0.0,0.0,0.0,0.0,0.0,0.0,0.0,0.0,0.0,0.0,0.0,0.0,0.0,0.0,0.0,0.0,0.0,-342.13135,0.0,0.0,0.0,0.0,0.0,0.0,0.0,0.0,0.0,0.0,17.097525,0.0,0.0,0.0,0.0,0.0,0.0,0.0,0.0,0.0,0.0,0.0,0.0,244.55177,0.0,0.0,0.0,0.0,0.0,0.0,0.0,0.0,0.0,0.0,0.0,0.0,0.0,0.0,0.0
76,747.30804,52.561993,79.561325,-22492.723,0.0,0.0,-128.8957,0.0,0.0,10.876488,0.0,-1950.1833,-540.15955,-55.379322,0.0,322.76895,0.0,0.0,0.0,0.0,0.0,0.0,0.0,0.0,21.260101,56.02503,213.51443,0.0,0.0,0.0,0.0,0.0,0.0,25.75377,0.301448,0.0,0.0,0.0,0.0,0.0,0.0,0.0,-1299.2477,0.0,0.0,0.0,0.0,0.0,0.0,0.0,0.0,0.0,0.0,0.0,0.0,0.0,0.0,0.0,42.83701,0.0,0.0,0.0,0.0,0.0,0.0,0.0,0.0,0.0,0.0,0.0,163.59596,0.0,0.0,0.0,0.0,0.0,0.0,0.0,0.0,0.0,0.0,0.0,3.9146388,0.0,0.0,44.22658,0.0,0.0,0.0,0.0,0.0,0.0,0.0,0.0,0.0,0.0,0.0,0.0,0.0,0.0,0.0,0.0,0.0,0.0,0.0,0.0,0.0,983.23334,0.0,0.0,0.0,104.36508,0.0,0.0,0.0,0.0,0.0,0.0,0.0,0.0,0.0,0.0,0.0,0.0,0.0,0.0,0.0,0.0,0.0,0.0,0.0,0.0,0.0,0.0,0.0,0.0,0.0,0.0,0.0,0.0,0.0,403.84787,0.0,0.0,0.0,0.0,0.0,0.0,0.0,0.0,0.0,0.0,11.705857,0.0,0.0,0.0,0.0,0.0,0.0,0.0,0.0,0.0,0.0,0.0,0.0,559.6782,0.0,0.0,0.0,0.0,0.0,0.0,0.0,0.0,0.0,0.0,0.0,0.0,0.0,0.0,0.0
77,-264.33948,285.08386,-982.74426,13546.265,0.0,0.0,54.757458,0.0,0.0,53.5811,0.0,7395.702,152.60039,9.455638,0.0,180.51787,0.0,0.0,0.0,0.0,0.0,0.0,0.0,0.0,162.63977,394.4431,732.15,0.0,0.0,0.0,0.0,0.0,0.0,26.236172,1.3084276,0.0,0.0,0.0,0.0,0.0,0.0,0.0,2651.2964,0.0,0.0,0.0,0.0,0.0,0.0,0.0,0.0,0.0,0.0,0.0,0.0,0.0,0.0,0.0,122.37219,0.0,0.0,0.0,0.0,0.0,0.0,0.0,0.0,0.0,0.0,0.0,47.5267,0.0,0.0,0.0,0.0,0.0,0.0,0.0,0.0,0.0,0.0,0.0,6.6026645,0.0,0.0,83.63081,0.0,0.0,0.0,0.0,0.0,0.0,0.0,0.0,0.0,0.0,0.0,0.0,0.0,0.0,0.0,0.0,0.0,0.0,0.0,0.0,0.0,288.88147,0.0,0.0,0.0,294.65088,0.0,0.0,0.0,0.0,0.0,0.0,0.0,0.0,0.0,0.0,0.0,0.0,0.0,0.0,0.0,0.0,0.0,0.0,0.0,0.0,0.0,0.0,0.0,0.0,0.0,0.0,0.0,0.0,0.0,123.16571,0.0,0.0,0.0,0.0,0.0,0.0,0.0,0.0,0.0,0.0,17.097525,0.0,0.0,0.0,0.0,0.0,0.0,0.0,0.0,0.0,0.0,0.0,0.0,198.19527,0.0,0.0,0.0,0.0,0.0,0.0,0.0,0.0,0.0,0.0,0.0,0.0,0.0,0.0,0.0
78,-189.08797,312.3985,52.54354,-10367.42,0.0,0.0,-93.083824,0.0,0.0,11.924636,0.0,2332.8726,607.27673,-41.858143,0.0,487.11166,0.0,0.0,0.0,0.0,0.0,0.0,0.0,0.0,47.83522,-4.703052,-231.25815,0.0,0.0,0.0,0.0,0.0,0.0,13.682001,1.3084276,0.0,0.0,0.0,0.0,0.0,0.0,0.0,-2651.2957,0.0,0.0,0.0,0.0,0.0,0.0,0.0,0.0,0.0,0.0,0.0,0.0,0.0,0.0,0.0,27.658543,0.0,0.0,0.0,0.0,0.0,0.0,0.0,0.0,0.0,0.0,0.0,163.59596,0.0,0.0,0.0,0.0,0.0,0.0,0.0,0.0,0.0,0.0,0.0,6.6026645,0.0,0.0,43.748814,0.0,0.0,0.0,0.0,0.0,0.0,0.0,0.0,0.0,0.0,0.0,0.0,0.0,0.0,0.0,0.0,0.0,0.0,0.0,0.0,0.0,933.21783,0.0,0.0,0.0,-1069.7424,0.0,0.0,0.0,0.0,0.0,0.0,0.0,0.0,0.0,0.0,0.0,0.0,0.0,0.0,0.0,0.0,0.0,0.0,0.0,0.0,0.0,0.0,0.0,0.0,0.0,0.0,0.0,0.0,0.0,403.84787,0.0,0.0,0.0,0.0,0.0,0.0,0.0,0.0,0.0,0.0,57.730804,0.0,0.0,0.0,0.0,0.0,0.0,0.0,0.0,0.0,0.0,0.0,0.0,540.3926,0.0,0.0,0.0,0.0,0.0,0.0,0.0,0.0,0.0,0.0,0.0,0.0,0.0,0.0,0.0
79,-15006.4795,-1128.6832,46.07169,-27260.725,0.0,0.0,46.815853,0.0,0.0,5.858729,0.0,-2050.7573,165.54759,-110.199265,0.0,111.077156,0.0,0.0,0.0,0.0,0.0,0.0,0.0,0.0,21.260101,-133.55179,-1173.4438,0.0,0.0,0.0,0.0,0.0,0.0,16.363077,0.301448,0.0,0.0,0.0,0.0,0.0,0.0,0.0,-1253.4554,0.0,0.0,0.0,0.0,0.0,0.0,0.0,0.0,0.0,0.0,0.0,0.0,0.0,0.0,0.0,42.83701,0.0,0.0,0.0,0.0,0.0,0.0,0.0,0.0,0.0,0.0,0.0,63.04275,0.0,0.0,0.0,0.0,0.0,0.0,0.0,0.0,0.0,0.0,0.0,2.476756,0.0,0.0,19.861933,0.0,0.0,0.0,0.0,0.0,0.0,0.0,0.0,0.0,0.0,0.0,0.0,0.0,0.0,0.0,0.0,0.0,0.0,0.0,0.0,0.0,521.1676,0.0,0.0,0.0,104.36508,0.0,0.0,0.0,0.0,0.0,0.0,0.0,0.0,0.0,0.0,0.0,0.0,0.0,0.0,0.0,0.0,0.0,0.0,0.0,0.0,0.0,0.0,0.0,0.0,0.0,0.0,0.0,0.0,0.0,39.213547,0.0,0.0,0.0,0.0,0.0,0.0,0.0,0.0,0.0,0.0,21.948483,0.0,0.0,0.0,0.0,0.0,0.0,0.0,0.0,0.0,0.0,0.0,0.0,-2636.9014,0.0,0.0,0.0,0.0,0.0,0.0,0.0,0.0,0.0,0.0,0.0,0.0,0.0,0.0,0.0
80,-5053.534,-554.21747,45.438576,18570.496,0.0,0.0,36.600723,0.0,0.0,53.5811,0.0,7222.4097,152.60039,-75.6451,0.0,167.46011,0.0,0.0,0.0,0.0,0.0,0.0,0.0,0.0,162.63977,394.44827,752.42926,0.0,0.0,0.0,0.0,0.0,0.0,26.236172,1.3084276,0.0,0.0,0.0,0.0,0.0,0.0,0.0,2651.2964,0.0,0.0,0.0,0.0,0.0,0.0,0.0,0.0,0.0,0.0,0.0,0.0,0.0,0.0,0.0,122.37219,0.0,0.0,0.0,0.0,0.0,0.0,0.0,0.0,0.0,0.0,0.0,45.308903,0.0,0.0,0.0,0.0,0.0,0.0,0.0,0.0,0.0,0.0,0.0,6.6026645,0.0,0.0,80.995224,0.0,0.0,0.0,0.0,0.0,0.0,0.0,0.0,0.0,0.0,0.0,0.0,0.0,0.0,0.0,0.0,0.0,0.0,0.0,0.0,0.0,205.24837,0.0,0.0,0.0,294.65088,0.0,0.0,0.0,0.0,0.0,0.0,0.0,0.0,0.0,0.0,0.0,0.0,0.0,0.0,0.0,0.0,0.0,0.0,0.0,0.0,0.0,0.0,0.0,0.0,0.0,0.0,0.0,0.0,0.0,57.035957,0.0,0.0,0.0,0.0,0.0,0.0,0.0,0.0,0.0,0.0,17.097525,0.0,0.0,0.0,0.0,0.0,0.0,0.0,0.0,0.0,0.0,0.0,0.0,198.19527,0.0,0.0,0.0,0.0,0.0,0.0,0.0,0.0,0.0,0.0,0.0,0.0,0.0,0.0,0.0
